IP地址,最小延迟(ms),最大延迟(ms),平均延迟(ms),丢包率(%)
104.17.55.186,156,184,164,0
104.19.239.45,154,199,166,0
104.19.159.82,153,178,167,0
104.16.197.105,157,176,167,0
104.16.126.231,156,194,167,0
104.16.240.62,155,191,169,0
104.18.190.104,154,193,169,0
104.16.38.33,155,192,169,0
104.18.132.238,154,194,169,0
104.16.102.71,154,197,169,0
104.16.232.143,153,188,169,0
104.17.50.1,158,181,170,0
104.18.222.127,158,193,170,0
104.16.133.145,159,201,170,0
104.16.49.49,161,186,170,0
104.18.185.190,158,183,170,0
104.16.15.97,157,188,170,0
104.19.221.125,154,197,170,0
104.16.24.37,152,197,170,0
104.17.89.62,158,183,170,0
141.101.115.240,154,183,171,0
104.17.24.216,160,190,171,0
104.18.195.243,164,189,171,0
104.21.228.108,156,203,172,0
104.17.155.183,154,207,172,0
104.19.229.69,163,195,172,0
104.17.45.121,162,182,172,0
104.19.209.139,153,197,172,0
104.16.174.151,158,192,172,0
104.17.198.59,158,188,172,0
104.18.234.188,164,186,172,0
104.18.86.226,156,197,172,0
104.18.67.215,157,186,172,0
104.16.12.249,155,191,172,0
104.17.102.29,164,187,172,0
104.17.56.197,158,209,173,0
104.16.47.143,158,198,173,0
104.17.47.21,154,202,173,0
104.16.171.30,163,199,173,0
104.17.185.129,163,192,173,0
104.17.128.118,156,189,174,0
104.19.247.165,159,193,174,0
104.17.88.247,158,195,174,0
104.18.85.189,158,202,174,0
104.16.4.102,160,196,174,0
104.18.223.17,154,203,174,0
104.19.218.233,161,192,174,0
104.16.10.53,164,183,174,0
104.16.157.228,156,204,174,0
104.19.230.255,163,195,174,0
104.18.138.19,160,187,174,0
104.16.195.32,158,190,174,0
104.16.162.47,156,195,175,0
104.16.169.59,160,203,175,0
104.17.70.186,156,194,175,0
104.17.136.49,157,187,175,0
104.16.95.247,158,185,175,0
104.19.182.64,159,203,175,0
104.16.87.93,156,195,175,0
104.16.21.62,156,202,175,0
104.21.227.4,157,190,175,0
104.17.64.165,159,198,175,0
104.16.7.236,157,189,176,0
104.19.210.125,161,192,176,0
104.18.219.196,160,194,176,0
104.16.91.112,156,201,176,0
104.19.144.101,159,249,176,0
104.18.250.234,161,194,176,0
104.17.86.28,158,203,176,0
104.16.74.208,155,198,177,0
104.16.207.120,159,199,177,0
104.18.124.183,157,199,177,0
104.16.203.193,161,190,177,0
104.16.202.63,160,201,177,0
104.18.74.64,152,198,177,0
104.18.130.234,158,206,177,0
104.16.118.147,156,201,177,0
108.162.198.24,153,237,177,0
198.41.206.13,163,214,177,0
104.17.118.93,155,204,178,0
104.16.76.131,157,208,178,0
104.16.39.174,156,229,178,0
104.17.219.206,157,198,178,0
104.16.62.57,159,204,178,0
104.17.115.220,155,204,178,0
104.17.145.40,155,203,178,0
104.18.191.214,154,195,178,0
104.17.85.2,170,201,179,0
104.19.188.74,154,201,179,0
104.17.105.192,161,200,180,0
104.17.218.243,163,208,180,0
104.17.99.171,154,219,180,0
104.16.84.100,159,209,180,0
104.16.206.200,155,215,180,0
104.16.199.231,153,213,180,0
104.18.69.123,158,245,180,0
104.17.177.204,164,201,180,0
104.17.144.173,166,204,180,0
104.17.172.46,163,201,180,0
104.16.166.51,156,250,180,0
104.17.231.196,160,206,181,0
104.18.178.200,155,286,181,0
198.41.202.193,158,208,182,0
104.17.97.211,159,211,182,0
104.18.71.95,160,205,182,0
104.17.141.67,156,203,182,0
104.16.52.141,171,205,183,0
104.19.236.7,162,209,183,0
198.41.203.39,166,213,184,0
198.41.217.114,163,210,184,0
104.19.167.171,168,214,185,0
104.17.137.176,163,214,185,0
104.16.113.153,168,213,185,0
104.16.68.44,154,212,185,0
104.16.53.149,154,228,186,0
104.19.244.173,174,228,187,0
104.18.163.120,160,297,187,0
104.16.250.199,181,198,188,0
104.16.85.126,176,205,189,0
104.18.108.41,177,228,189,0
104.18.186.255,165,280,189,0
104.18.157.189,179,209,189,0
104.16.194.129,177,200,189,0
104.17.73.131,178,210,189,0
104.19.219.190,179,198,190,0
104.18.123.144,177,224,190,0
104.18.218.79,172,210,190,0
104.18.206.162,177,197,190,0
104.16.225.153,174,210,190,0
104.16.145.230,175,220,190,0
162.159.34.209,182,201,190,0
104.17.252.8,177,219,191,0
104.19.240.58,181,202,191,0
104.16.119.176,177,214,191,0
104.18.155.181,181,199,191,0
104.17.130.61,178,223,191,0
104.17.156.60,181,212,192,0
104.16.35.131,177,205,192,0
104.16.204.148,182,214,192,0
104.16.147.89,177,216,192,0
104.16.125.81,179,208,192,0
104.16.130.33,180,208,192,0
104.17.81.84,175,212,192,0
104.17.216.122,182,211,192,0
104.19.212.3,182,218,192,0
104.17.200.228,181,213,192,0
104.18.175.246,177,233,192,0
104.18.109.126,176,214,192,0
104.17.236.159,182,210,192,0
104.18.134.189,179,211,193,0
104.18.150.206,181,213,193,0
104.16.253.222,178,204,193,0
104.16.182.124,182,208,193,0
104.16.161.39,181,223,194,0
104.16.184.72,180,208,194,0
104.16.0.254,179,223,194,0
198.41.201.55,179,209,194,0
104.18.76.216,183,222,194,0
104.16.50.139,177,209,194,0
104.16.8.41,181,220,194,0
104.17.5.99,184,213,194,0
104.18.167.238,183,206,194,0
104.19.245.240,183,210,194,0
104.18.238.61,181,204,194,0
104.19.191.18,154,294,194,0
104.17.44.94,183,221,194,0
104.16.120.47,181,209,195,0
104.18.104.30,181,210,195,0
104.17.80.186,181,230,195,0
104.19.215.144,177,221,195,0
104.18.192.14,179,228,195,0
104.19.155.49,185,213,195,0
104.16.16.125,182,208,195,0
104.19.189.207,181,217,195,0
104.17.111.194,182,218,195,0
104.21.239.60,177,227,195,0
104.17.41.219,176,215,196,0
104.17.174.184,181,222,196,0
104.18.230.123,178,227,196,0
198.41.219.117,180,217,196,0
104.17.191.200,177,218,196,0
104.19.151.131,184,217,196,0
104.19.243.186,183,221,196,0
104.19.153.38,183,216,196,0
104.17.21.105,180,215,196,0
104.18.153.25,179,220,196,0
104.17.131.125,181,220,196,0
104.19.233.106,183,215,196,0
1.1.1.106,186,210,197,0
104.18.114.158,183,225,197,0
104.16.205.200,180,226,197,0
104.18.135.239,179,213,197,0
104.21.235.38,181,210,197,0
104.16.19.203,164,281,197,0
104.18.129.140,181,246,197,0
104.17.189.151,184,222,197,0
104.18.107.54,181,211,197,0
104.16.180.245,179,212,197,0
104.19.156.156,180,259,197,0
104.18.172.100,185,219,197,0
104.18.93.59,185,217,198,0
104.17.221.67,174,223,198,0
104.16.234.6,176,221,198,0
104.16.3.123,181,222,198,0
104.16.14.149,179,217,198,0
104.18.116.234,182,234,198,0
104.17.171.167,178,218,198,0
104.19.216.40,181,227,198,0
104.16.231.77,181,228,198,0
104.17.196.222,184,217,198,0
104.18.133.134,181,211,198,0
104.17.82.199,180,219,198,0
104.18.202.225,179,228,199,0
104.16.132.55,183,225,199,0
104.21.234.219,188,215,199,0
104.17.186.216,188,220,199,0
104.19.242.110,184,242,199,0
104.17.255.201,183,222,199,0
104.18.225.50,183,225,199,0
104.17.220.18,183,228,199,0
141.101.122.192,191,224,199,0
104.18.168.212,183,232,199,0
104.17.32.165,178,219,199,0
172.64.32.106,186,219,199,0
104.17.184.136,180,228,199,0
104.19.217.214,181,219,199,0
104.18.142.172,177,240,200,0
104.18.158.100,177,217,200,0
104.17.202.81,186,216,200,0
104.18.243.240,178,249,200,0
104.18.43.4,187,220,200,0
104.16.40.145,182,231,200,0
104.18.2.29,185,209,200,0
162.159.14.25,185,210,200,0
104.16.221.9,177,261,200,0
104.19.248.40,182,225,200,0
104.16.33.136,186,217,200,0
104.17.43.73,189,217,200,0
104.16.247.202,185,228,200,0
104.17.175.165,179,231,200,0
104.16.22.206,179,219,200,0
104.17.59.48,181,240,200,0
104.16.252.104,189,225,200,0
104.16.75.161,177,250,201,0
104.17.244.46,182,228,201,0
104.17.27.173,178,232,201,0
185.146.173.253,195,215,201,0
104.17.232.39,189,221,201,0
104.17.58.106,179,228,201,0
104.18.121.0,188,230,201,0
104.18.65.225,189,225,201,0
104.17.139.1,183,233,201,0
104.16.6.118,190,222,201,0
104.16.72.28,186,224,201,0
104.17.147.59,181,224,202,0
104.18.70.231,184,215,202,0
23.227.38.43,183,283,202,0
104.19.223.25,186,236,202,0
104.21.229.84,180,237,202,0
104.18.228.31,181,219,202,0
172.64.152.209,187,234,202,0
104.17.180.11,184,239,202,0
104.16.122.171,191,222,202,0
172.64.151.57,192,213,202,0
104.18.200.182,191,221,202,0
104.16.5.211,183,219,202,0
172.64.230.6,197,209,202,0
104.16.251.176,187,231,203,0
104.18.156.62,187,216,203,0
104.17.60.30,190,217,203,0
104.17.173.113,191,233,203,0
104.17.235.164,186,246,203,0
104.16.248.135,182,237,203,0
172.64.72.233,193,211,203,0
104.17.251.153,189,247,203,0
104.17.215.179,183,228,204,0
108.162.193.207,194,225,204,0
104.18.9.34,193,211,204,0
198.41.218.181,191,268,204,0
172.65.255.202,195,220,204,0
190.93.245.44,188,228,204,0
104.16.101.242,179,249,204,0
104.16.177.124,184,261,204,0
104.19.187.41,178,247,204,0
104.16.230.2,183,229,204,0
172.64.67.97,195,215,205,0
162.159.234.73,180,237,205,0
104.17.2.112,183,222,205,0
104.17.68.112,184,246,205,0
104.17.114.124,185,240,205,0
104.17.225.153,185,231,205,0
104.17.91.89,177,244,205,0
104.16.56.77,176,276,205,0
162.159.4.190,194,214,205,0
104.18.147.203,178,237,205,0
104.18.8.58,193,220,205,0
104.16.36.34,190,236,205,0
104.16.30.173,188,231,205,0
104.18.212.232,184,237,205,0
104.18.101.232,182,250,206,0
104.18.14.75,193,219,206,0
23.227.60.159,190,230,206,0
104.16.188.126,178,242,206,0
104.17.66.198,179,252,206,0
104.18.140.195,187,244,206,0
104.17.35.35,185,233,207,0
104.17.163.242,178,226,207,0
162.159.8.209,189,241,207,0
104.16.217.28,186,238,208,0
104.17.108.163,180,244,208,0
162.159.40.158,193,217,208,0
198.41.207.7,186,225,209,0
104.29.111.18,172,251,209,0
173.245.59.44,196,214,210,0
162.159.206.231,202,221,211,0
104.16.93.61,186,266,211,0
162.159.42.28,195,229,211,0
8.39.214.112,199,230,212,0
198.41.222.133,198,223,212,0
162.159.246.61,204,224,213,0
172.64.49.139,200,247,214,0
104.16.28.19,183,289,215,0
162.159.136.223,201,261,216,0
162.159.135.78,195,241,216,0
104.17.153.159,153,179,166,10
104.17.254.219,156,189,166,10
104.18.81.209,156,185,166,10
104.17.15.242,158,176,167,10
104.18.126.251,158,183,167,10
104.17.132.250,153,196,168,10
162.159.237.20,155,190,168,10
104.19.222.171,160,184,168,10
104.16.43.246,153,185,169,10
104.16.244.232,160,177,169,10
104.17.106.125,160,205,170,10
104.19.169.134,154,179,170,10
104.17.138.138,155,196,170,10
104.17.25.163,159,188,170,10
104.18.161.253,157,188,170,10
104.17.124.221,161,197,171,10
104.17.54.162,155,202,171,10
104.16.154.29,161,185,171,10
104.21.238.205,156,197,171,10
104.19.234.146,155,198,171,10
104.19.162.179,161,188,171,10
104.17.107.122,157,194,171,10
104.18.181.158,153,199,172,10
104.18.241.127,155,202,172,10
104.17.240.90,157,200,172,10
104.18.149.10,153,234,172,10
104.17.40.121,165,203,173,10
104.18.179.175,158,201,173,10
104.18.249.69,154,193,173,10
104.16.31.169,158,191,173,10
104.19.150.65,161,194,173,10
104.16.108.137,155,188,173,10
104.16.200.84,155,195,173,10
104.19.184.44,158,194,173,10
104.16.73.82,165,193,173,10
104.18.176.197,157,197,173,10
104.18.118.116,157,197,173,10
104.16.94.104,162,190,173,10
104.18.112.109,155,199,173,10
104.17.242.144,157,193,173,10
104.16.78.180,155,196,173,10
104.16.106.87,155,199,174,10
104.18.211.100,159,211,174,10
104.17.152.41,164,187,174,10
104.18.99.45,155,205,174,10
104.16.99.9,157,204,174,10
104.18.137.156,166,195,174,10
104.17.149.172,155,204,174,10
104.17.93.63,156,202,174,10
104.16.60.42,157,202,174,10
104.18.115.59,155,204,174,10
104.17.223.218,155,200,174,10
104.19.255.234,157,189,175,10
104.17.214.107,158,216,175,10
104.19.177.151,158,189,175,10
104.18.98.207,154,194,175,10
104.16.115.112,159,206,175,10
104.16.150.20,164,202,175,10
104.17.96.99,157,205,175,10
104.16.164.249,156,217,176,10
104.16.148.3,154,213,176,10
104.19.231.30,154,199,176,10
104.18.84.147,163,189,176,10
104.16.196.16,165,195,176,10
104.17.125.29,156,202,176,10
104.16.114.240,158,223,176,10
104.16.141.8,157,220,176,10
104.18.154.170,160,206,176,10
104.18.253.191,166,187,176,10
104.16.138.5,162,198,176,10
104.18.96.255,158,198,177,10
104.16.155.16,154,199,177,10
104.17.71.232,160,190,177,10
104.17.75.207,156,271,177,10
104.17.193.84,153,257,177,10
104.18.77.92,166,202,177,10
104.17.247.213,156,197,177,10
104.18.136.188,157,225,178,10
104.18.144.0,159,208,178,10
104.18.166.11,165,209,178,10
104.17.42.9,168,196,178,10
104.19.176.119,160,214,179,10
104.16.54.15,165,196,179,10
104.16.71.94,156,206,179,10
104.18.160.208,167,193,179,10
104.17.157.101,155,236,180,10
104.18.237.78,159,225,180,10
104.17.53.80,153,241,180,10
104.16.44.131,152,260,180,10
104.16.189.173,160,200,180,10
104.16.42.77,167,192,180,10
104.21.226.69,153,266,180,10
104.16.210.238,159,207,180,10
104.18.145.2,154,211,181,10
104.17.8.235,169,200,181,10
104.16.211.39,162,207,182,10
104.18.83.102,162,199,182,10
104.16.98.179,159,250,182,10
104.17.253.11,165,200,182,10
172.64.79.26,156,269,183,10
104.17.94.106,155,250,184,10
104.18.143.1,161,288,184,10
104.16.238.160,159,278,185,10
104.17.169.142,161,236,185,10
104.18.72.104,175,194,186,10
104.17.9.62,178,197,186,10
104.16.55.85,162,222,186,10
104.19.235.211,177,197,187,10
104.16.57.248,162,232,187,10
104.19.181.182,175,204,187,10
104.19.165.206,182,195,188,10
104.18.90.16,182,201,188,10
104.19.252.56,181,201,189,10
104.18.177.145,177,212,190,10
104.17.39.78,178,205,190,10
104.17.188.183,175,199,190,10
104.19.163.189,179,215,190,10
104.18.106.74,179,201,191,10
104.16.11.11,182,206,191,10
104.18.201.224,181,203,191,10
104.16.82.228,182,213,191,10
104.17.12.236,180,208,192,10
104.19.173.173,183,202,192,10
104.17.74.0,177,205,192,10
104.21.233.52,181,216,192,10
104.18.89.199,182,217,192,10
104.16.216.100,180,204,192,10
104.18.87.237,183,219,192,10
162.159.250.100,182,204,193,10
104.18.196.252,177,213,193,10
104.16.134.143,188,199,193,10
104.19.193.167,184,201,193,10
104.17.127.206,184,213,193,10
104.17.211.142,178,222,193,10
172.64.48.215,183,204,193,10
104.18.127.188,178,229,193,10
104.19.246.76,182,214,193,10
104.17.140.131,174,207,193,10
104.19.157.195,183,229,193,10
104.17.208.17,185,202,194,10
104.16.61.60,182,218,194,10
104.19.241.225,176,215,194,10
104.16.249.156,179,223,194,10
104.16.97.104,178,212,194,10
104.18.92.36,186,205,194,10
162.251.82.174,188,204,194,10
104.17.226.237,181,211,194,10
104.16.255.27,178,207,194,10
104.19.154.205,180,222,194,10
162.159.27.72,185,205,194,10
104.19.213.90,176,211,194,10
104.18.214.237,175,224,194,10
104.17.164.43,177,214,195,10
162.159.12.48,182,210,195,10
104.17.245.183,180,218,195,10
104.16.178.122,179,211,195,10
104.17.210.202,180,215,195,10
104.16.121.225,181,219,195,10
104.16.51.46,179,208,195,10
104.17.79.70,183,224,196,10
104.16.152.20,183,233,196,10
172.64.52.179,184,207,196,10
104.19.158.202,177,227,196,10
104.29.124.112,147,267,196,10
104.17.6.17,179,214,196,10
104.17.207.216,184,223,196,10
104.17.233.218,178,212,196,10
104.19.160.81,182,232,196,10
104.19.166.242,178,213,196,10
104.19.237.153,188,212,196,10
104.17.162.74,178,226,196,10
104.17.167.174,181,218,196,10
104.19.214.222,175,222,196,10
104.18.110.160,181,234,197,10
104.18.159.34,175,241,197,10
104.17.249.237,178,216,197,10
104.16.77.172,179,222,197,10
104.16.79.74,180,219,197,10
104.17.109.82,176,241,197,10
104.18.102.238,180,219,197,10
198.41.208.168,181,234,197,10
108.162.196.162,185,209,197,10
104.16.239.101,181,220,197,10
104.17.62.0,182,220,197,10
104.16.105.87,182,226,197,10
104.16.163.127,177,213,197,10
104.16.181.233,179,223,198,10
104.18.236.215,181,241,198,10
104.16.214.104,181,211,198,10
104.18.205.221,177,221,198,10
104.16.65.5,177,218,198,10
162.159.252.155,189,217,198,10
104.18.204.5,178,228,198,10
104.19.164.181,190,210,198,10
172.64.146.65,188,211,198,10
104.21.237.91,180,209,198,10
104.18.125.81,181,217,198,10
104.17.116.101,185,209,199,10
104.17.65.79,188,218,199,10
104.18.12.173,195,202,199,10
104.17.123.9,183,255,199,10
104.16.151.42,182,233,199,10
104.16.46.39,185,233,199,10
104.18.210.196,184,215,199,10
104.18.88.236,187,221,199,10
104.18.169.250,182,223,199,10
104.16.111.10,183,223,199,10
104.16.227.161,184,236,199,10
104.19.161.198,179,220,199,10
104.18.207.91,186,222,199,10
104.19.171.165,179,220,199,10
172.64.42.93,191,209,199,10
104.21.236.7,191,223,199,10
104.18.248.73,184,221,200,10
104.18.240.193,174,229,200,10
198.41.195.152,181,236,200,10
162.159.38.185,186,217,200,10
104.16.110.37,183,226,200,10
104.17.30.67,185,230,200,10
104.17.84.114,188,219,200,10
162.159.13.86,188,230,200,10
104.31.16.169,191,208,201,10
104.18.139.162,182,241,201,10
104.21.231.236,192,238,201,10
104.19.178.187,180,236,201,10
162.159.45.173,186,226,201,10
104.19.232.27,188,219,201,10
104.16.131.144,182,224,201,10
172.64.153.46,184,211,201,10
104.16.173.225,181,253,202,10
104.19.145.76,183,226,202,10
104.17.159.161,185,224,202,10
104.19.172.205,181,262,202,10
104.17.33.27,182,222,202,10
104.17.230.82,178,217,202,10
162.159.43.245,193,209,202,10
8.34.70.206,191,214,202,10
172.66.44.110,192,225,202,10
104.17.142.177,185,239,202,10
104.18.244.215,183,219,202,10
172.64.50.230,194,214,202,10
104.17.113.102,183,223,202,10
172.66.40.11,191,220,203,10
104.17.98.226,187,235,203,10
104.19.146.81,185,236,203,10
104.17.246.254,178,247,203,10
104.19.203.163,189,292,204,10
104.19.194.60,191,218,204,10
104.18.4.123,189,226,204,10
104.18.82.253,181,272,204,10
104.16.143.250,185,235,204,10
104.16.128.97,185,221,204,10
162.159.26.142,196,212,204,10
173.245.49.220,193,226,204,10
172.65.241.249,198,216,205,10
162.159.194.54,199,216,205,10
104.16.20.89,184,230,205,10
104.17.63.196,175,240,205,10
104.16.13.208,178,243,205,10
198.41.215.76,198,219,206,10
104.17.250.32,185,253,206,10
104.17.52.251,184,281,206,10
104.16.17.19,188,235,206,10
104.16.27.90,183,226,206,10
104.16.70.65,178,296,206,10
162.159.236.177,192,220,206,10
162.159.196.193,191,220,206,10
104.18.232.95,189,229,206,10
172.66.41.25,187,240,206,10
104.16.213.132,191,254,207,10
104.21.232.224,178,287,207,10
162.159.17.27,198,217,207,10
162.159.241.151,197,225,207,10
104.17.197.61,189,240,207,10
172.65.199.136,197,218,207,10
162.159.240.70,197,215,207,10
162.159.41.188,197,214,207,10
172.64.229.235,195,222,207,10
104.18.21.142,196,216,208,10
162.159.0.35,197,219,208,10
162.159.9.69,194,234,208,10
104.16.25.12,178,231,208,10
172.64.33.237,200,214,208,10
104.16.243.21,183,232,208,10
104.17.228.255,193,230,208,10
104.16.137.172,180,296,208,10
162.159.11.73,196,217,209,10
141.101.120.24,202,229,209,10
104.17.224.193,190,238,209,10
104.21.224.231,188,240,209,10
104.17.201.158,187,243,209,10
104.18.221.214,177,259,209,10
104.18.131.159,187,273,210,10
162.159.160.24,173,279,210,10
172.66.2.252,194,231,210,10
8.39.204.246,199,254,210,10
104.17.20.59,182,260,211,10
23.227.39.173,203,226,211,10
104.17.143.202,192,234,212,10
172.64.154.117,203,227,212,10
162.159.141.252,199,254,212,10
104.18.32.7,196,283,215,10
172.64.234.108,207,230,221,10
104.26.7.52,129,152,139,20
172.67.74.74,132,219,151,20
104.26.8.121,131,229,154,20
104.16.165.5,153,173,164,20
104.17.154.136,151,195,165,20
104.18.183.135,150,196,167,20
104.18.146.77,155,194,167,20
104.16.37.17,153,177,169,20
104.18.151.170,154,184,170,20
104.17.95.90,161,194,170,20
104.16.208.6,154,195,171,20
104.18.252.136,161,184,171,20
104.17.165.113,158,186,171,20
104.16.172.205,158,196,171,20
104.17.181.23,157,199,172,20
104.18.213.114,163,191,172,20
104.16.158.31,154,203,172,20
104.17.22.24,153,196,172,20
104.16.41.48,159,196,173,20
104.16.116.36,154,225,173,20
104.17.234.157,154,199,173,20
104.17.227.128,155,270,174,20
104.17.199.253,161,187,174,20
104.18.227.1,153,201,174,20
104.17.117.15,161,195,174,20
104.18.141.5,164,196,174,20
104.18.75.75,155,188,174,20
104.17.29.22,156,197,175,20
104.17.57.252,159,195,176,20
104.17.168.206,158,205,176,20
104.18.111.232,163,202,176,20
104.17.179.10,159,194,177,20
104.19.147.229,161,225,177,20
104.19.183.2,156,199,178,20
104.17.195.250,161,203,178,20
104.17.158.100,153,235,179,20
104.18.233.128,161,230,180,20
104.19.251.249,168,203,180,20
104.16.88.197,156,213,180,20
104.16.1.185,164,207,181,20
104.17.104.25,156,203,181,20
104.17.13.233,164,250,182,20
190.93.247.58,178,197,185,20
104.16.140.223,177,202,185,20
104.19.238.161,176,193,186,20
104.18.120.22,177,198,186,20
104.18.152.134,178,204,186,20
104.16.107.95,181,194,187,20
198.41.200.182,175,198,187,20
104.17.133.121,161,227,188,20
104.16.233.125,181,201,188,20
104.17.187.12,180,204,188,20
104.19.174.3,177,204,189,20
104.18.203.97,171,224,189,20
104.18.184.15,176,212,190,20
104.16.92.133,175,202,190,20
104.16.129.188,174,224,190,20
104.17.7.208,174,212,191,20
104.18.235.210,177,227,191,20
104.21.230.97,178,203,191,20
104.16.201.175,179,202,191,20
104.16.32.135,175,227,191,20
104.17.134.92,173,214,191,20
104.19.185.17,178,212,191,20
104.17.100.53,181,209,192,20
104.17.120.79,179,200,192,20
104.19.220.126,178,208,193,20
104.16.144.21,175,210,193,20
162.159.243.202,187,200,193,20
104.16.83.107,181,213,193,20
104.16.67.239,179,221,193,20
162.159.5.223,184,198,193,20
104.17.78.110,181,202,193,20
104.17.23.27,182,215,194,20
104.16.159.233,175,229,194,20
162.159.24.199,184,203,194,20
104.16.18.241,176,218,194,20
141.101.121.15,181,204,194,20
104.17.14.218,182,208,194,20
104.19.211.58,188,202,194,20
198.41.204.30,178,219,194,20
104.18.247.103,180,211,194,20
104.16.100.59,177,220,195,20
104.16.117.238,183,202,195,20
104.17.248.34,178,223,195,20
104.16.90.239,179,218,195,20
162.159.152.167,187,212,195,20
104.18.224.149,182,208,195,20
104.19.253.60,182,219,195,20
104.17.48.198,185,219,195,20
162.159.128.1,181,209,195,20
104.16.170.214,180,222,195,20
104.19.196.0,184,203,196,20
104.16.149.87,180,217,196,20
104.19.179.138,176,220,196,20
104.18.220.231,177,212,196,20
104.17.206.175,178,221,196,20
104.18.180.112,184,214,196,20
162.159.23.207,185,210,196,20
104.17.3.101,188,211,196,20
198.41.216.14,186,212,197,20
104.17.182.216,184,228,197,20
104.18.17.92,189,206,197,20
162.159.140.120,182,209,197,20
104.16.96.29,189,213,197,20
104.18.122.26,189,218,197,20
104.19.206.89,188,212,198,20
104.19.200.71,188,217,198,20
162.159.251.58,185,215,198,20
104.17.146.76,183,224,198,20
104.18.23.183,191,209,198,20
162.159.22.197,192,206,199,20
172.66.43.243,188,208,199,20
104.17.243.166,178,227,199,20
104.16.229.208,179,244,199,20
104.18.11.187,189,224,199,20
162.159.207.188,185,211,199,20
104.17.112.111,184,222,199,20
104.16.112.137,181,217,199,20
104.17.176.237,186,224,199,20
104.18.194.213,176,224,199,20
104.18.15.86,190,211,199,20
162.159.249.158,188,206,200,20
104.16.175.39,183,226,200,20
104.17.90.60,181,226,200,20
104.16.146.190,184,225,200,20
104.17.110.53,183,231,200,20
162.159.35.1,187,231,200,20
141.101.114.224,181,227,200,20
172.66.42.155,187,215,200,20
162.159.49.137,186,212,200,20
104.18.187.189,177,255,200,20
172.64.38.149,193,205,201,20
104.19.192.201,185,252,201,20
103.21.244.235,193,215,201,20
104.18.254.236,181,219,201,20
108.162.194.99,190,211,201,20
162.159.32.180,189,209,201,20
104.21.225.224,189,217,201,20
162.159.6.233,193,212,202,20
104.19.204.15,187,212,202,20
172.66.47.10,193,216,202,20
162.159.58.150,196,213,202,20
104.18.148.19,179,223,202,20
104.17.101.81,179,277,202,20
104.16.191.128,188,256,202,20
162.159.33.121,195,235,202,20
104.17.160.172,181,215,202,20
104.17.203.150,186,234,203,20
162.159.253.110,193,215,203,20
162.159.46.2,195,216,203,20
104.16.185.35,185,228,203,20
162.159.10.68,188,213,203,20
104.18.45.25,196,211,204,20
104.18.1.244,189,217,204,20
104.18.10.127,193,213,204,20
172.66.46.220,191,210,204,20
162.159.255.80,198,211,204,20
104.18.28.244,192,211,205,20
104.18.242.242,177,219,205,20
104.17.151.129,187,234,205,20
104.17.16.173,191,218,205,20
104.18.26.222,194,218,205,20
162.159.133.24,193,214,205,20
104.16.215.239,177,219,206,20
104.16.220.191,179,229,206,20
172.64.144.159,199,217,206,20
172.66.45.152,193,215,206,20
104.18.3.160,188,218,206,20
104.17.229.110,180,279,206,20
172.66.0.68,192,215,206,20
172.65.222.10,194,234,207,20
104.17.46.95,177,257,207,20
141.101.123.221,187,253,207,20
162.159.36.223,196,222,207,20
172.64.155.179,199,222,207,20
162.159.138.82,201,217,207,20
104.18.24.114,192,226,208,20
104.17.28.190,186,268,208,20
104.18.46.142,191,253,208,20
104.17.61.249,188,237,208,20
162.159.254.191,194,224,208,20
104.17.129.31,186,299,209,20
172.65.217.172,193,227,209,20
172.64.40.56,193,226,209,20
198.41.197.223,198,221,209,20
162.159.247.61,195,232,209,20
104.17.76.251,184,226,209,20
104.18.226.188,182,289,210,20
104.17.18.185,185,292,210,20
104.17.49.168,180,255,210,20
104.17.67.177,186,270,211,20
162.159.25.155,193,238,211,20
104.18.79.220,191,256,212,20
172.65.194.28,195,278,213,20
162.159.213.12,199,235,213,20
8.47.69.67,210,225,215,20
162.159.2.204,199,297,220,20
172.64.228.101,205,293,231,20
172.67.76.76,133,145,138,30
104.26.6.54,127,151,140,30
104.26.2.195,133,152,140,30
172.67.68.193,130,152,141,30
104.26.4.213,128,176,144,30
104.26.3.68,134,163,147,30
104.18.216.223,156,191,166,30
104.16.167.179,156,190,167,30
104.17.166.193,156,199,168,30
104.16.124.114,154,187,168,30
104.16.209.209,157,195,169,30
104.17.36.62,157,187,170,30
104.17.26.76,157,191,170,30
104.17.17.150,153,182,171,30
104.18.119.66,160,209,171,30
104.17.126.119,160,198,172,30
104.16.136.29,161,186,172,30
104.18.199.12,155,204,173,30
104.17.38.91,168,181,173,30
104.19.249.231,162,188,175,30
104.18.182.207,154,192,175,30
104.17.37.229,160,200,177,30
104.16.123.177,166,205,180,30
104.18.64.120,174,197,185,30
104.16.224.42,163,199,186,30
104.17.135.141,176,191,186,30
104.17.194.64,174,206,186,30
104.16.9.28,181,195,186,30
104.16.235.5,178,210,187,30
104.17.213.17,176,194,188,30
104.16.183.148,176,200,189,30
104.19.148.239,175,206,189,30
104.18.97.243,174,213,189,30
104.17.204.239,180,203,189,30
104.19.180.122,182,204,190,30
104.19.254.240,174,211,191,30
104.16.153.133,175,203,191,30
104.16.64.113,183,200,191,30
104.17.122.31,181,213,194,30
162.159.60.179,186,200,194,30
198.41.223.49,187,202,194,30
104.18.73.15,180,210,194,30
198.41.214.120,185,204,195,30
104.18.18.203,186,208,196,30
104.18.19.210,190,208,196,30
104.18.38.232,183,203,196,30
172.64.147.206,184,206,196,30
104.16.127.107,192,203,196,30
172.64.69.119,190,203,197,30
172.64.35.40,191,207,197,30
104.19.201.140,192,207,197,30
104.18.33.4,187,210,197,30
8.39.125.63,189,211,198,30
172.64.159.194,193,203,198,30
104.18.29.11,189,204,198,30
162.159.242.138,190,205,198,30
162.159.20.40,190,206,199,30
104.17.83.190,178,219,199,30
172.64.231.30,194,203,199,30
104.16.193.141,177,229,199,30
162.159.15.74,184,238,199,30
104.16.160.203,185,219,200,30
104.16.48.137,181,214,200,30
162.159.44.201,187,215,200,30
104.17.4.205,188,220,200,30
104.17.205.20,178,222,201,30
172.64.176.36,188,218,201,30
198.41.194.183,186,227,201,30
162.159.212.232,190,215,201,30
104.18.36.130,189,209,201,30
104.19.168.46,182,229,201,30
104.18.22.124,193,210,201,30
173.245.58.143,195,207,202,30
104.18.27.192,193,220,202,30
104.16.26.230,184,217,202,30
104.18.174.175,190,225,203,30
104.18.47.82,191,221,203,30
104.19.208.60,188,227,203,30
104.17.241.150,184,224,203,30
104.19.198.168,192,209,203,30
104.18.245.20,189,235,204,30
104.19.152.235,159,292,204,30
104.16.222.169,178,228,204,30
104.16.228.249,178,237,204,30
172.64.157.238,195,211,204,30
104.18.5.105,189,252,205,30
172.64.34.172,196,219,205,30
172.64.148.88,195,221,206,30
198.41.209.30,178,249,206,30
104.24.136.104,193,214,206,30
8.35.211.96,198,218,207,30
104.18.25.31,202,218,208,30
172.65.223.51,202,213,208,30
104.17.217.129,189,230,208,30
104.29.125.226,163,246,208,30
162.159.61.188,196,226,208,30
104.18.231.137,189,233,208,30
162.159.248.80,193,229,209,30
104.16.23.34,191,231,209,30
104.19.93.135,200,230,209,30
104.18.30.27,199,218,210,30
104.19.207.216,202,224,210,30
198.217.251.178,201,224,210,30
1.0.0.110,198,235,211,30
104.19.199.233,198,258,212,30
162.159.129.246,202,241,212,30
162.159.153.25,192,231,212,30
198.41.196.254,201,224,213,30
162.159.16.211,191,259,213,30
104.18.0.88,205,237,214,30
198.41.192.122,200,234,214,30
104.17.237.2,185,272,216,30
162.159.224.94,201,227,217,30
162.159.18.36,190,278,218,30
104.18.16.29,201,291,222,30
104.20.57.90,199,266,222,30
104.19.25.206,207,278,228,30
172.67.78.103,129,151,139,40
104.20.29.76,133,161,147,40
172.67.77.178,140,164,147,40
104.26.13.82,131,233,156,40
104.17.222.165,157,178,167,40
104.17.170.55,154,199,170,40
104.16.186.147,158,182,172,40
104.17.209.44,165,187,173,40
104.17.150.209,160,215,174,40
104.16.103.42,159,202,175,40
104.18.188.228,158,199,175,40
104.17.1.15,163,189,177,40
104.17.119.139,158,200,178,40
104.16.86.114,160,275,182,40
104.18.198.65,179,198,186,40
104.17.77.24,180,209,187,40
104.17.69.234,182,198,189,40
104.16.236.204,186,198,191,40
104.16.246.98,179,201,191,40
104.18.193.160,175,207,191,40
104.16.104.51,178,210,192,40
104.18.255.162,184,200,192,40
104.16.187.134,182,199,192,40
104.17.190.209,187,198,192,40
104.18.59.58,188,198,192,40
104.17.34.191,183,201,192,40
104.16.192.217,181,214,193,40
162.159.21.203,187,199,194,40
198.41.199.209,185,202,194,40
104.17.92.233,178,216,194,40
198.41.193.151,189,200,194,40
104.16.198.247,185,213,194,40
104.18.128.75,178,228,194,40
104.16.179.239,179,211,194,40
162.159.19.251,187,203,194,40
104.16.218.225,175,218,195,40
104.17.212.59,185,202,196,40
104.17.19.203,184,210,196,40
104.18.37.56,184,225,196,40
104.16.156.205,185,216,197,40
104.16.58.232,190,204,197,40
104.25.113.67,186,202,197,40
104.16.245.201,185,206,198,40
104.25.67.6,193,208,199,40
104.18.239.186,175,224,199,40
172.64.145.20,194,210,199,40
104.18.78.245,194,205,200,40
172.64.53.230,189,214,200,40
104.16.219.144,186,214,200,40
104.16.190.42,182,243,201,40
104.19.60.14,192,209,201,40
104.16.89.97,185,224,201,40
104.27.85.226,185,233,203,40
104.19.250.55,179,213,203,40
104.19.205.26,197,209,204,40
162.159.1.53,196,212,204,40
104.24.37.30,194,232,204,40
104.16.237.145,188,230,204,40
104.16.142.59,181,261,206,40
104.17.31.135,183,221,207,40
172.65.209.164,204,210,207,40
104.18.80.141,178,263,208,40
104.24.131.137,190,287,208,40
108.162.195.240,194,244,209,40
162.159.48.62,199,213,209,40
104.24.31.61,203,215,210,40
162.159.137.168,198,236,210,40
104.16.226.9,189,233,211,40
104.24.67.75,189,264,212,40
104.16.176.45,180,258,213,40
104.24.237.96,197,255,217,40
104.25.27.49,193,284,218,40
104.24.85.228,196,287,218,40
104.25.89.114,196,274,221,40
104.24.75.86,184,276,221,40
172.67.90.213,197,283,222,40
104.27.122.212,205,283,222,40
104.27.2.147,183,276,223,40
104.19.46.132,188,285,225,40
104.25.253.61,192,269,227,40
172.65.170.233,185,295,230,40
104.25.7.41,202,277,241,40
104.24.228.215,196,299,242,40
104.24.187.31,206,293,246,40
104.29.127.55,229,299,269,40
172.67.75.100,129,143,137,50
104.20.27.195,130,148,138,50
104.20.24.41,137,149,141,50
104.20.25.233,137,147,141,50
172.67.69.82,141,150,145,50
172.67.73.68,140,154,145,50
104.17.10.252,151,186,171,50
104.16.2.56,156,189,173,50
104.17.87.1,157,187,175,50
104.18.105.45,182,194,188,50
104.18.95.108,182,203,190,50
198.41.205.61,179,203,192,50
162.159.134.120,187,200,192,50
104.18.229.203,176,205,192,50
104.18.56.208,184,200,192,50
104.24.81.135,182,200,193,50
104.18.91.102,176,212,194,50
104.24.190.76,189,200,195,50
104.19.186.83,179,225,196,50
104.19.63.185,188,205,197,50
162.159.7.230,194,206,199,50
104.24.80.56,188,215,199,50
104.16.59.249,186,223,199,50
104.18.215.106,178,219,199,50
104.18.61.251,184,215,199,50
104.25.176.209,193,204,200,50
104.18.40.194,191,208,200,50
104.25.31.90,193,207,202,50
104.25.47.227,181,219,202,50
104.25.244.104,198,210,203,50
104.27.46.171,191,217,203,50
104.24.152.230,195,222,203,50
104.24.164.16,192,227,204,50
104.18.7.5,200,206,204,50
104.27.127.197,193,222,205,50
104.27.81.23,188,222,205,50
104.27.113.137,187,241,205,50
104.18.165.62,191,225,206,50
104.18.13.84,202,214,207,50
104.27.75.240,191,231,207,50
172.67.122.243,195,218,208,50
104.24.29.227,191,220,208,50
172.67.97.161,191,221,208,50
104.18.34.34,201,221,208,50
104.19.95.171,186,225,208,50
104.19.41.177,201,216,208,50
104.19.120.233,196,223,208,50
104.24.203.145,199,219,208,50
104.27.126.40,196,217,208,50
104.24.60.232,183,268,209,50
104.27.6.125,191,224,209,50
104.25.107.131,185,280,210,50
104.16.212.81,194,227,210,50
104.20.4.98,198,235,210,50
104.20.61.46,189,240,211,50
172.67.114.146,193,258,211,50
104.25.76.6,189,269,211,50
104.19.66.164,199,233,212,50
104.27.7.228,207,221,212,50
104.24.36.7,188,229,212,50
104.25.60.40,181,260,212,50
104.24.26.206,190,245,212,50
104.19.79.6,181,289,213,50
104.24.70.43,202,228,213,50
104.18.42.245,204,223,213,50
108.162.192.132,209,218,213,50
104.20.47.230,198,256,213,50
104.19.118.4,191,249,214,50
104.19.68.91,199,247,214,50
104.20.15.217,192,278,214,50
104.25.99.52,185,241,214,50
104.25.15.129,192,292,214,50
172.65.90.9,206,239,215,50
104.25.204.231,191,271,215,50
172.64.158.114,202,223,215,50
104.24.83.96,197,255,215,50
172.65.218.77,199,226,216,50
104.27.112.104,194,288,217,50
104.24.94.215,186,273,217,50
104.25.245.11,200,269,218,50
104.25.241.133,196,295,218,50
104.25.28.20,198,267,218,50
104.24.43.57,197,282,219,50
104.25.243.227,192,258,219,50
104.19.70.170,197,283,220,50
104.24.3.29,193,275,220,50
104.24.191.125,196,289,221,50
104.24.21.54,196,294,223,50
104.27.41.86,195,275,223,50
104.24.199.79,199,272,223,50
104.25.199.6,204,286,223,50
104.24.153.254,197,270,223,50
172.67.83.155,203,252,225,50
104.18.35.57,207,294,226,50
104.27.114.73,189,281,228,50
104.24.45.35,184,299,231,50
104.24.38.36,187,296,235,50
104.25.200.6,203,289,235,50
104.25.155.95,203,292,237,50
104.24.156.170,203,271,238,50
104.25.49.26,206,294,243,50
104.27.43.0,204,284,248,50
104.25.236.107,211,298,248,50
104.20.30.103,133,140,137,60
172.67.79.168,132,144,137,60
104.20.23.243,128,156,141,60
104.16.254.174,165,181,170,60
104.16.66.79,169,177,172,60
104.18.189.150,175,201,186,60
104.19.202.56,181,202,191,60
104.24.28.0,188,196,192,60
104.27.105.106,185,202,193,60
104.27.53.39,182,204,194,60
104.25.22.177,191,200,194,60
104.27.25.43,189,201,194,60
104.18.10.107,187,202,195,60
104.19.170.232,181,206,195,60
104.18.55.193,186,204,195,60
104.24.229.80,189,203,196,60
104.24.17.217,190,209,196,60
172.67.98.243,189,206,197,60
104.18.173.241,186,220,198,60
104.25.196.8,191,203,198,60
104.25.5.191,188,221,198,60
104.27.125.12,184,220,199,60
104.27.1.87,192,204,199,60
104.25.172.103,191,206,199,60
104.18.103.70,189,216,199,60
104.25.101.238,189,209,200,60
104.24.196.237,194,209,200,60
104.24.129.193,189,210,200,60
104.27.70.15,187,211,200,60
104.25.205.27,192,208,201,60
172.67.102.84,186,216,201,60
104.24.19.231,198,208,201,60
104.27.8.179,188,220,201,60
104.27.49.136,191,223,202,60
104.24.157.60,187,243,203,60
104.24.62.221,191,228,203,60
104.25.181.204,198,207,203,60
104.25.252.30,201,207,203,60
104.24.234.108,193,232,203,60
104.27.82.137,186,233,205,60
172.67.103.179,201,214,205,60
104.25.160.104,197,213,205,60
104.19.149.144,190,231,205,60
104.19.1.137,199,214,205,60
104.25.132.7,191,228,205,60
104.20.10.236,194,210,205,60
104.24.39.99,196,213,205,60
104.25.75.124,200,217,206,60
104.24.42.55,192,233,206,60
162.159.245.86,201,213,206,60
104.25.44.218,198,214,206,60
104.27.44.12,184,229,206,60
162.159.130.249,197,213,206,60
104.27.61.61,195,211,206,60
104.20.52.237,195,229,206,60
104.24.148.77,190,229,207,60
104.24.247.45,198,215,207,60
104.24.93.115,198,217,207,60
172.64.150.28,201,218,207,60
104.27.76.17,198,216,208,60
104.24.57.3,203,213,208,60
104.25.201.31,201,216,208,60
104.24.47.84,202,212,208,60
104.25.68.5,185,246,208,60
104.25.147.12,196,226,208,60
104.19.109.254,193,225,208,60
104.20.46.177,203,217,209,60
104.25.216.8,190,253,210,60
104.24.89.97,188,240,210,60
104.27.36.45,195,249,210,60
104.19.58.6,201,220,210,60
104.25.183.58,186,223,210,60
104.19.86.70,195,218,210,60
104.25.171.158,188,234,210,60
104.25.124.238,184,254,210,60
104.24.16.11,203,221,210,60
104.24.13.207,197,248,211,60
104.20.62.151,204,230,211,60
104.24.166.41,201,232,211,60
104.24.4.100,185,273,212,60
172.67.120.107,198,222,212,60
104.25.16.189,206,216,212,60
104.19.33.159,202,225,212,60
162.159.39.210,206,220,212,60
104.27.92.82,181,261,214,60
104.25.41.233,184,284,214,60
104.24.169.144,184,238,214,60
104.24.240.52,185,273,214,60
104.27.99.221,192,233,214,60
104.25.0.18,200,223,214,60
104.25.48.101,211,219,214,60
104.25.50.170,195,256,215,60
104.25.169.80,202,228,215,60
104.27.78.226,203,237,216,60
104.18.54.114,212,220,216,60
172.67.127.78,199,260,216,60
104.27.15.141,196,227,216,60
104.19.50.43,203,249,217,60
104.19.27.254,202,253,217,60
104.19.49.246,202,247,217,60
104.19.29.216,187,284,218,60
104.25.162.252,191,286,218,60
104.19.31.36,190,298,218,60
104.27.100.35,195,263,218,60
104.24.226.191,190,258,219,60
104.25.239.187,198,264,219,60
104.19.18.228,211,233,220,60
104.19.77.89,195,269,220,60
104.25.222.107,202,271,221,60
104.20.40.205,195,276,221,60
104.25.136.156,193,296,221,60
104.24.20.20,198,277,222,60
104.24.137.254,191,276,222,60
104.19.52.189,193,273,222,60
104.24.222.140,218,229,223,60
104.25.78.215,191,286,223,60
104.25.115.172,203,269,223,60
104.19.35.219,199,255,223,60
104.24.74.161,200,254,223,60
104.24.238.152,205,251,223,60
104.25.202.114,207,259,224,60
104.27.86.139,200,279,224,60
104.24.192.207,192,267,224,60
104.19.56.81,199,276,225,60
104.27.93.144,191,267,226,60
104.24.22.215,194,276,227,60
104.24.167.114,200,278,227,60
104.24.232.45,203,279,229,60
104.25.12.216,190,272,230,60
104.24.211.43,182,248,230,60
104.20.0.24,216,272,231,60
104.27.60.136,197,278,232,60
104.24.141.155,183,272,232,60
104.19.65.19,198,262,232,60
104.27.56.106,190,293,233,60
104.24.49.204,209,284,233,60
104.25.83.220,197,287,233,60
104.20.13.64,205,279,234,60
172.67.92.26,187,299,235,60
104.24.188.52,197,271,235,60
104.19.8.16,212,291,237,60
104.25.207.46,203,262,237,60
104.25.90.244,197,282,237,60
104.24.219.139,208,288,238,60
104.27.116.163,203,272,238,60
104.27.29.157,195,297,241,60
104.19.37.131,201,288,245,60
104.19.12.122,200,285,245,60
104.24.52.198,196,287,245,60
104.19.15.8,202,273,246,60
172.64.78.157,217,265,248,60
104.19.34.124,195,299,250,60
104.25.234.154,201,298,254,60
104.24.242.90,202,294,259,60
104.20.20.161,129,145,138,70
104.17.238.214,162,175,169,70
104.17.161.93,167,179,175,70
104.17.178.184,170,195,179,70
104.24.186.177,181,196,188,70
104.24.151.186,183,193,188,70
104.27.104.37,185,196,189,70
104.16.81.35,183,197,189,70
104.25.54.115,185,193,189,70
104.24.215.221,185,196,190,70
104.25.228.165,177,202,190,70
104.19.114.191,184,202,191,70
104.24.165.128,187,200,192,70
172.67.101.86,178,206,192,70
104.18.100.146,180,209,192,70
104.27.54.224,186,202,193,70
104.19.47.33,184,198,193,70
104.27.90.129,186,197,193,70
104.20.42.101,182,207,193,70
104.25.250.33,188,200,194,70
104.25.109.2,189,197,194,70
104.19.82.247,188,201,194,70
172.67.96.25,192,199,194,70
104.25.146.162,189,205,194,70
104.24.174.252,187,204,195,70
104.25.126.217,185,203,195,70
104.24.5.45,193,198,195,70
104.25.24.217,192,200,195,70
172.67.104.15,187,210,195,70
104.18.113.85,182,205,197,70
104.24.217.59,190,203,197,70
104.27.73.140,187,203,197,70
104.25.249.47,193,204,197,70
104.25.72.153,187,208,198,70
104.27.31.8,192,202,198,70
104.24.194.196,191,202,198,70
104.19.119.199,188,209,198,70
104.25.23.94,194,202,198,70
104.19.74.189,189,217,199,70
104.25.197.126,196,201,199,70
104.24.78.255,194,209,199,70
104.18.197.82,183,225,199,70
104.25.118.152,196,202,199,70
104.27.16.88,196,201,199,70
104.20.2.114,192,204,199,70
104.24.161.15,187,211,199,70
104.27.57.21,194,205,199,70
104.27.111.68,190,206,200,70
104.24.206.226,194,204,200,70
104.25.18.20,199,201,200,70
104.24.77.38,187,208,200,70
104.17.72.220,192,209,200,70
104.20.11.24,186,221,201,70
104.19.106.118,197,205,201,70
172.64.66.51,194,207,201,70
104.27.88.124,199,206,201,70
104.27.24.180,200,203,201,70
104.24.173.221,198,205,202,70
104.24.139.64,198,205,202,70
104.25.151.59,195,212,202,70
104.25.188.140,191,215,202,70
104.27.94.111,185,211,203,70
104.25.70.218,189,215,203,70
104.24.200.213,192,215,203,70
104.27.66.52,190,220,203,70
104.24.68.53,196,210,203,70
172.67.108.119,198,209,203,70
104.19.116.151,200,207,204,70
172.67.117.225,200,209,204,70
104.20.58.128,200,209,204,70
104.25.246.151,198,208,204,70
104.24.8.105,196,212,204,70
104.24.243.237,192,220,204,70
104.25.195.143,200,207,205,70
172.66.3.226,199,212,205,70
104.16.69.94,191,219,205,70
104.25.177.21,200,215,205,70
104.25.217.42,193,215,205,70
104.25.36.46,186,241,205,70
104.19.76.204,194,230,206,70
104.25.121.226,202,208,206,70
104.18.62.200,190,235,206,70
172.67.94.21,201,217,206,70
104.24.175.101,201,214,206,70
104.25.95.68,201,214,206,70
104.25.40.74,201,212,206,70
104.25.21.21,197,216,206,70
104.25.191.179,198,220,207,70
104.25.117.1,199,212,207,70
172.67.137.198,185,246,207,70
104.19.53.235,196,215,207,70
104.24.209.210,204,209,208,70
104.24.72.58,207,209,208,70
104.27.22.141,200,218,208,70
172.67.111.223,205,214,208,70
104.20.56.82,202,220,208,70
172.67.112.161,198,214,208,70
104.24.143.62,201,217,208,70
104.19.19.18,200,217,208,70
104.25.74.166,192,224,209,70
104.24.88.156,206,211,209,70
172.67.87.94,202,214,209,70
104.24.135.49,200,218,209,70
104.25.174.153,189,243,209,70
104.25.254.51,205,217,209,70
104.24.231.82,204,213,209,70
104.20.7.103,195,228,210,70
104.25.20.186,195,236,210,70
104.24.87.175,206,214,210,70
104.24.195.216,200,222,210,70
104.18.49.2,204,216,210,70
104.24.236.255,204,220,211,70
104.24.142.124,180,256,211,70
104.19.14.51,192,246,211,70
104.25.208.157,197,226,211,70
104.24.208.139,198,232,212,70
104.25.230.102,195,232,212,70
104.25.214.228,195,245,212,70
104.25.211.237,206,222,213,70
104.19.123.9,209,222,213,70
104.19.5.97,192,258,214,70
104.25.235.191,204,226,214,70
104.19.124.76,191,245,215,70
104.24.76.233,210,224,215,70
104.24.33.55,210,222,215,70
104.25.11.25,199,238,216,70
104.24.227.138,189,254,216,70
104.24.2.178,207,227,217,70
104.25.93.35,204,225,217,70
104.24.159.254,202,242,217,70
104.27.108.100,180,281,217,70
104.25.144.131,184,277,217,70
104.27.98.136,198,256,217,70
104.19.2.21,200,235,218,70
104.24.51.45,199,231,218,70
104.25.248.84,190,264,218,70
104.25.29.178,188,274,218,70
172.67.105.152,201,227,218,70
172.67.91.65,201,251,219,70
104.19.127.70,198,255,219,70
104.24.180.142,194,264,219,70
104.25.55.24,196,261,220,70
104.19.88.251,214,234,221,70
104.20.43.151,189,268,221,70
104.25.184.209,204,249,222,70
104.19.26.168,204,234,222,70
104.19.90.192,209,243,222,70
172.67.113.46,205,253,223,70
104.19.103.206,201,261,223,70
104.20.3.29,205,244,223,70
104.24.213.60,196,264,223,70
104.24.193.193,208,241,224,70
104.25.149.17,191,280,224,70
104.25.46.39,194,278,224,70
104.19.104.44,189,280,224,70
104.19.105.233,202,267,225,70
104.19.125.109,187,293,225,70
104.19.78.96,189,273,225,70
104.25.203.255,200,273,225,70
104.25.166.159,185,278,226,70
104.19.7.167,202,270,226,70
104.25.91.153,202,274,226,70
104.25.141.24,190,254,227,70
104.25.102.186,196,284,227,70
104.25.26.211,204,245,228,70
104.24.90.220,202,271,228,70
104.25.79.227,195,295,228,70
104.25.120.195,206,271,229,70
104.19.126.5,212,263,229,70
104.20.34.205,204,277,229,70
104.27.65.241,215,252,230,70
104.27.48.8,203,275,230,70
104.24.6.185,210,269,231,70
104.27.20.61,197,280,232,70
104.25.140.209,198,289,232,70
104.25.73.187,198,288,232,70
104.24.61.92,203,269,233,70
104.19.16.70,207,280,233,70
104.24.221.41,203,287,233,70
104.20.53.168,200,293,233,70
141.101.113.35,198,274,234,70
104.24.150.50,199,299,234,70
104.27.74.234,200,295,235,70
104.24.176.90,204,254,235,70
104.24.171.232,202,291,236,70
104.25.45.156,202,278,237,70
104.25.159.247,202,298,237,70
104.25.39.62,210,288,238,70
104.25.127.82,207,278,240,70
104.25.215.13,200,276,240,70
104.24.133.68,195,294,243,70
104.25.65.128,224,287,248,70
104.25.94.150,204,291,249,70
104.27.121.187,209,295,253,70
104.27.118.215,218,290,260,70
104.24.154.168,263,287,274,70
104.17.148.253,155,159,157,80
104.18.246.152,164,165,165,80
104.16.109.249,169,174,172,80
172.67.161.166,178,193,186,80
104.25.130.227,187,187,187,80
104.27.84.241,187,190,189,80
104.19.71.1,185,194,189,80
104.27.117.186,180,199,189,80
104.25.251.138,186,194,190,80
104.24.27.206,189,193,191,80
104.24.170.72,191,191,191,80
104.20.51.183,189,193,191,80
104.25.1.73,191,194,192,80
104.24.35.4,192,193,192,80
104.19.89.47,192,193,192,80
104.27.18.208,190,194,192,80
104.25.219.47,187,198,192,80
104.19.3.138,192,193,192,80
104.27.102.55,191,194,193,80
104.25.161.86,190,196,193,80
104.19.87.111,186,202,194,80
104.20.36.79,193,195,194,80
104.25.77.166,191,198,194,80
104.25.231.205,191,199,195,80
104.18.171.11,192,198,195,80
104.24.205.113,185,205,195,80
104.25.220.185,188,202,195,80
104.18.209.32,187,204,195,80
104.25.106.92,189,202,195,80
104.25.145.239,192,199,196,80
104.27.50.43,196,196,196,80
104.19.190.75,179,214,196,80
104.18.162.24,192,202,197,80
104.25.233.27,188,207,197,80
104.27.79.162,196,198,197,80
104.25.13.10,196,199,198,80
104.19.108.79,195,200,198,80
172.67.188.41,193,203,198,80
104.19.51.116,197,198,198,80
104.19.112.3,189,207,198,80
104.25.9.153,194,202,198,80
104.21.10.243,195,203,199,80
104.25.165.58,193,205,199,80
104.24.63.214,186,212,199,80
104.24.0.104,198,201,199,80
104.24.177.196,191,208,200,80
104.25.194.133,197,202,200,80
104.24.202.178,194,205,200,80
104.25.85.172,188,212,200,80
104.25.32.204,196,204,200,80
104.20.54.55,199,202,200,80
104.19.111.82,199,202,200,80
104.20.38.245,199,202,201,80
172.67.89.7,201,201,201,80
104.25.123.170,198,203,201,80
104.25.198.166,196,206,201,80
104.24.53.109,196,206,201,80
104.19.101.165,200,201,201,80
104.25.111.245,199,204,201,80
104.19.69.198,194,209,201,80
104.25.164.17,188,214,201,80
104.25.134.189,201,202,202,80
104.25.103.201,194,209,202,80
104.19.91.169,195,208,202,80
104.19.45.188,199,205,202,80
104.27.87.177,186,218,202,80
104.24.233.225,191,214,203,80
104.27.51.5,196,209,203,80
104.27.62.215,202,204,203,80
104.25.255.148,194,211,203,80
104.25.122.198,184,221,203,80
104.25.33.26,199,207,203,80
104.25.62.62,189,217,203,80
104.19.85.27,202,205,203,80
104.19.36.60,189,217,203,80
104.20.60.181,198,209,204,80
104.24.224.116,198,209,204,80
104.25.37.61,201,206,204,80
104.19.130.120,200,208,204,80
104.24.10.98,202,206,204,80
104.24.254.124,193,215,204,80
104.25.247.35,196,212,204,80
104.25.69.3,202,206,204,80
104.25.142.171,198,212,205,80
104.19.4.171,194,216,205,80
104.25.182.20,195,216,205,80
104.24.249.229,205,205,205,80
104.25.10.168,199,212,205,80
104.27.38.65,202,209,205,80
104.24.1.145,203,208,206,80
104.24.252.59,201,210,206,80
104.27.11.114,195,216,206,80
104.25.170.139,204,209,206,80
104.20.55.241,195,218,207,80
104.19.21.247,206,208,207,80
104.24.220.89,200,213,207,80
104.24.230.131,201,213,207,80
172.67.80.158,207,208,207,80
104.24.25.54,196,218,207,80
104.25.189.209,206,208,207,80
104.19.17.211,193,222,207,80
104.24.11.148,202,213,207,80
104.24.147.222,204,211,208,80
104.24.172.80,198,218,208,80
104.24.235.135,178,238,208,80
104.24.138.6,200,216,208,80
104.19.117.170,206,212,209,80
104.19.75.251,206,211,209,80
104.25.82.42,201,216,209,80
104.19.73.214,206,211,209,80
104.27.52.56,205,212,209,80
104.24.244.227,207,211,209,80
104.19.67.64,204,214,209,80
104.24.58.13,203,216,210,80
104.19.80.102,195,224,210,80
104.19.22.253,185,235,210,80
104.24.241.4,205,215,210,80
104.24.163.13,209,211,210,80
104.20.48.81,207,214,210,80
104.24.179.236,210,212,211,80
104.25.143.42,192,230,211,80
104.19.42.224,210,211,211,80
104.25.138.146,205,216,211,80
104.24.162.163,188,233,211,80
104.25.96.177,209,213,211,80
104.27.119.246,209,213,211,80
104.24.145.187,211,213,212,80
104.19.83.139,211,213,212,80
104.25.108.234,210,214,212,80
104.24.14.25,210,214,212,80
104.25.242.48,196,228,212,80
104.25.51.210,207,219,213,80
104.19.122.219,197,229,213,80
104.24.253.162,208,218,213,80
104.19.24.40,191,236,213,80
104.19.81.187,202,225,213,80
104.21.85.123,209,219,214,80
104.24.82.67,211,218,214,80
104.24.197.219,209,221,215,80
104.25.2.90,204,227,215,80
104.25.238.74,212,220,216,80
104.24.218.196,198,234,216,80
104.24.245.4,207,225,216,80
104.25.114.113,200,235,217,80
104.24.59.91,196,239,217,80
104.25.125.172,194,241,217,80
104.21.37.226,197,239,218,80
104.25.237.239,201,235,218,80
172.67.116.161,203,234,219,80
104.21.193.90,212,226,219,80
104.25.6.157,214,224,219,80
104.24.40.180,211,230,220,80
104.19.39.208,193,248,221,80
104.24.73.165,209,232,221,80
172.67.184.212,213,228,221,80
104.18.50.70,211,232,222,80
104.24.128.16,221,223,222,80
104.19.97.254,211,233,222,80
104.19.107.252,196,251,223,80
104.27.33.83,205,244,224,80
104.25.34.98,204,248,226,80
104.24.44.89,190,264,227,80
104.25.152.173,199,256,227,80
104.27.59.121,219,236,228,80
104.24.23.133,211,244,228,80
104.19.13.159,205,251,228,80
172.67.109.111,197,259,228,80
104.19.32.227,199,258,229,80
172.67.150.245,217,243,230,80
104.24.18.217,232,235,233,80
172.67.99.140,202,265,234,80
104.25.179.24,227,241,234,80
104.25.3.34,209,260,234,80
104.19.115.11,218,252,235,80
104.20.59.243,216,254,235,80
104.25.128.87,212,260,236,80
172.67.88.58,209,264,236,80
104.24.207.63,186,288,237,80
104.25.100.76,210,264,237,80
104.27.120.149,204,271,237,80
104.27.4.100,230,245,238,80
104.25.192.230,208,268,238,80
104.25.59.223,204,274,239,80
104.25.71.103,213,267,240,80
104.19.54.40,207,276,241,80
104.24.178.121,211,272,241,80
172.67.93.222,193,290,242,80
104.25.212.225,238,246,242,80
104.25.4.28,203,281,242,80
172.67.100.31,189,295,242,80
104.27.103.2,209,277,243,80
104.24.183.148,199,288,244,80
104.24.46.182,212,275,244,80
104.27.0.203,216,272,244,80
104.21.39.119,205,286,245,80
104.25.186.16,196,298,247,80
104.25.66.98,236,259,248,80
104.25.150.75,200,296,248,80
104.25.58.223,202,298,250,80
104.20.32.93,206,295,250,80
104.24.69.146,227,275,251,80
104.24.250.164,206,297,251,80
104.27.58.185,219,286,252,80
172.67.123.46,210,296,253,80
104.25.56.214,222,288,255,80
104.27.89.45,232,279,255,80
104.25.187.250,220,298,259,80
104.19.59.181,280,297,289,80
104.19.72.63,289,293,291,80
104.18.94.164,156,156,156,90
104.24.212.233,176,176,176,90
172.67.182.30,177,177,177,90
104.17.51.197,178,178,178,90
104.21.197.7,180,180,180,90
104.21.79.88,181,181,181,90
172.67.221.228,181,181,181,90
104.24.184.219,184,184,184,90
104.24.214.152,184,184,184,90
104.24.64.67,185,185,185,90
172.67.163.30,185,185,185,90
104.16.139.58,185,185,185,90
104.24.155.95,185,185,185,90
104.20.45.24,186,186,186,90
104.27.207.24,186,186,186,90
104.25.81.95,187,187,187,90
172.67.128.113,187,187,187,90
104.24.41.155,188,188,188,90
104.19.44.137,188,188,188,90
172.67.84.138,189,189,189,90
104.24.246.188,189,189,189,90
104.24.251.6,189,189,189,90
104.18.208.97,190,190,190,90
104.20.1.12,190,190,190,90
104.19.0.48,190,190,190,90
172.67.246.216,190,190,190,90
104.24.130.220,191,191,191,90
104.19.132.33,191,191,191,90
104.24.255.192,191,191,191,90
172.67.110.48,191,191,191,90
104.24.248.234,192,192,192,90
104.21.88.150,192,192,192,90
104.19.23.46,193,193,193,90
104.25.19.32,194,194,194,90
104.27.34.220,194,194,194,90
104.27.37.5,194,194,194,90
172.67.147.37,195,195,195,90
104.21.104.198,195,195,195,90
104.25.232.188,195,195,195,90
104.24.9.130,196,196,196,90
104.27.72.0,196,196,196,90
104.24.185.127,196,196,196,90
104.24.71.4,196,196,196,90
104.21.58.62,196,196,196,90
104.24.66.68,196,196,196,90
104.24.223.217,197,197,197,90
104.25.64.4,197,197,197,90
172.67.144.250,197,197,197,90
104.19.55.77,197,197,197,90
104.20.63.69,198,198,198,90
104.25.240.180,198,198,198,90
104.20.33.134,198,198,198,90
104.21.198.102,198,198,198,90
104.24.182.66,198,198,198,90
104.25.148.200,199,199,199,90
172.67.249.195,199,199,199,90
104.27.107.153,199,199,199,90
104.25.110.21,199,199,199,90
104.19.102.141,199,199,199,90
104.27.35.36,199,199,199,90
104.25.225.127,199,199,199,90
104.25.129.5,200,200,200,90
104.20.6.194,200,200,200,90
104.19.28.105,200,200,200,90
104.25.226.204,200,200,200,90
172.67.209.210,200,200,200,90
104.25.30.162,200,200,200,90
104.19.113.185,201,201,201,90
104.24.7.112,201,201,201,90
104.27.80.244,201,201,201,90
172.67.155.241,201,201,201,90
104.27.124.204,202,202,202,90
104.21.95.194,202,202,202,90
104.24.140.224,202,202,202,90
104.19.20.138,203,203,203,90
104.25.229.86,203,203,203,90
104.27.67.105,203,203,203,90
104.19.197.141,203,203,203,90
104.24.134.113,203,203,203,90
104.25.227.98,203,203,203,90
172.67.118.230,203,203,203,90
104.25.224.199,204,204,204,90
172.67.106.92,204,204,204,90
104.25.57.8,204,204,204,90
104.21.61.145,205,205,205,90
104.25.193.233,205,205,205,90
104.25.98.245,205,205,205,90
104.27.101.77,205,205,205,90
104.24.225.86,205,205,205,90
104.25.210.73,206,206,206,90
104.27.23.17,206,206,206,90
104.21.126.154,206,206,206,90
104.18.52.195,207,207,207,90
104.25.139.218,207,207,207,90
104.27.77.37,207,207,207,90
104.25.80.118,208,208,208,90
104.27.109.108,208,208,208,90
172.67.160.77,208,208,208,90
104.25.97.250,209,209,209,90
172.67.86.210,209,209,209,90
104.19.98.54,209,209,209,90
104.21.51.182,210,210,210,90
104.25.105.60,210,210,210,90
172.67.131.208,210,210,210,90
104.20.12.220,210,210,210,90
104.24.48.109,210,210,210,90
104.25.223.30,211,211,211,90
104.21.108.101,211,211,211,90
172.67.214.140,211,211,211,90
104.24.24.40,211,211,211,90
104.24.91.217,212,212,212,90
172.67.222.156,212,212,212,90
104.27.95.31,212,212,212,90
104.21.97.101,213,213,213,90
172.67.81.25,213,213,213,90
104.25.53.14,213,213,213,90
172.67.253.117,214,214,214,90
104.19.62.237,215,215,215,90
104.21.52.54,215,215,215,90
104.24.95.107,216,216,216,90
104.25.153.183,216,216,216,90
104.24.149.254,216,216,216,90
104.21.60.110,216,216,216,90
104.19.94.120,217,217,217,90
104.27.5.145,218,218,218,90
104.21.65.14,218,218,218,90
104.21.210.81,218,218,218,90
172.67.231.60,219,219,219,90
172.67.224.245,219,219,219,90
172.67.245.137,219,219,219,90
104.27.91.191,219,219,219,90
104.21.103.171,219,219,219,90
104.19.110.46,220,220,220,90
104.19.43.114,221,221,221,90
104.25.104.226,223,223,223,90
172.67.146.12,223,223,223,90
104.25.218.8,226,226,226,90
104.24.144.242,226,226,226,90
104.21.3.7,226,226,226,90
104.24.56.247,226,226,226,90
104.21.67.76,226,226,226,90
172.67.233.247,229,229,229,90
172.67.203.178,230,230,230,90
104.24.181.248,236,236,236,90
104.19.10.11,236,236,236,90
104.24.30.158,238,238,238,90
104.24.32.252,251,251,251,90
104.27.68.45,256,256,256,90
104.19.48.181,256,256,256,90
104.25.63.250,259,259,259,90
104.27.30.207,260,260,260,90
104.25.168.129,262,262,262,90
104.19.121.106,266,266,266,90
104.27.21.23,267,267,267,90
104.24.158.2,268,268,268,90
172.67.85.254,271,271,271,90
104.25.209.233,273,273,273,90
104.19.40.102,279,279,279,90
104.24.160.66,280,280,280,90
104.25.135.170,282,282,282,90
104.20.37.198,293,293,293,90
104.21.118.181,294,294,294,90
104.25.25.146,294,294,294,90
104.25.8.87,299,299,299,90
