IP地址,最小延迟(ms),最大延迟(ms),平均延迟(ms),丢包率(%)
104.16.109.193,142,177,152,0
104.16.15.182,144,176,154,0
104.18.39.86,146,168,154,0
162.159.60.102,143,186,157,0
104.19.203.26,153,170,159,0
162.159.45.149,150,177,159,0
104.17.74.241,142,199,160,0
104.19.190.66,151,173,160,0
104.19.244.127,149,185,160,0
104.19.156.133,144,202,160,0
162.159.248.95,149,190,161,0
104.18.119.188,152,170,161,0
104.16.204.120,149,170,161,0
104.25.70.168,148,196,161,0
104.18.12.98,144,172,161,0
104.25.107.110,146,190,161,0
104.25.141.167,147,170,161,0
162.159.247.201,150,181,161,0
162.159.207.136,154,171,161,0
162.159.252.62,149,177,161,0
104.18.113.32,151,177,161,0
104.21.228.221,151,194,162,0
104.19.169.32,141,192,162,0
104.16.114.94,151,180,162,0
104.18.115.194,150,186,162,0
172.64.154.102,144,216,162,0
104.19.243.249,152,179,162,0
104.16.16.170,153,169,163,0
104.18.43.115,147,203,163,0
198.41.219.88,148,186,163,0
104.16.212.21,152,176,163,0
104.19.247.139,153,182,163,0
104.19.240.242,149,180,163,0
104.19.167.149,146,205,163,0
104.25.71.164,147,187,164,0
104.16.203.158,152,183,164,0
104.19.157.204,143,195,164,0
104.18.80.212,143,195,164,0
104.21.238.176,154,178,164,0
104.17.124.90,152,186,164,0
104.16.11.45,150,179,164,0
104.17.119.188,150,178,164,0
104.19.140.155,151,184,164,0
104.19.174.153,144,202,164,0
104.18.66.226,151,178,164,0
104.24.84.190,147,206,164,0
104.16.105.77,151,175,164,0
172.64.228.143,83,206,165,0
104.16.92.7,152,198,165,0
104.25.204.109,143,191,165,0
104.19.138.157,158,179,165,0
104.17.1.201,149,184,165,0
104.22.31.68,148,191,165,0
104.16.209.45,153,184,165,0
104.18.30.51,152,184,165,0
104.21.236.232,149,179,165,0
104.16.120.138,153,181,165,0
104.25.69.213,145,205,165,0
104.18.122.54,154,194,165,0
104.18.20.45,151,181,166,0
104.27.111.64,148,204,166,0
104.16.208.101,150,203,166,0
198.41.205.118,147,222,166,0
172.67.23.226,150,198,166,0
104.19.137.208,153,190,166,0
172.67.69.176,145,195,166,0
104.19.254.235,153,187,166,0
104.25.42.168,153,200,166,0
104.16.113.159,162,175,166,0
104.17.37.71,141,201,166,0
162.159.244.119,152,187,166,0
162.159.2.32,148,195,166,0
104.25.233.123,145,202,166,0
104.16.197.245,153,217,166,0
104.23.137.162,152,197,166,0
104.16.211.56,149,215,167,0
104.24.78.225,142,200,167,0
104.24.64.36,156,179,167,0
104.16.182.159,148,235,167,0
104.25.98.112,143,199,167,0
104.19.182.85,155,202,167,0
104.18.26.19,150,182,167,0
104.17.180.214,153,209,167,0
104.17.91.73,153,216,167,0
104.17.146.89,153,201,167,0
104.23.134.227,153,197,167,0
104.18.175.138,153,198,167,0
198.41.192.178,152,221,167,0
162.159.253.112,156,183,167,0
104.18.36.85,148,194,167,0
104.19.131.114,157,189,167,0
104.22.8.148,152,195,168,0
104.19.191.168,149,226,168,0
104.16.119.119,159,200,168,0
104.16.136.115,149,184,168,0
104.19.249.79,161,176,168,0
104.18.25.127,158,174,168,0
104.17.45.27,151,192,168,0
104.17.77.128,150,221,168,0
104.25.163.70,149,216,168,0
104.19.134.177,159,188,168,0
162.159.44.157,156,178,168,0
104.17.58.42,151,190,168,0
172.64.146.65,144,194,168,0
104.18.118.30,160,189,168,0
104.19.209.254,148,235,168,0
172.67.33.15,152,198,168,0
104.17.102.102,146,192,168,0
104.17.240.233,146,249,168,0
104.16.111.86,145,228,168,0
104.16.149.143,161,179,169,0
104.18.247.251,146,241,169,0
104.16.125.17,151,191,169,0
104.24.54.68,150,190,169,0
104.20.3.55,149,212,169,0
104.27.201.246,142,208,169,0
104.18.207.206,150,202,169,0
104.18.156.139,148,274,169,0
104.24.14.245,143,201,169,0
104.24.253.209,151,195,169,0
104.16.142.16,161,185,169,0
104.25.177.14,152,202,169,0
104.18.127.201,160,196,169,0
104.17.113.77,159,182,170,0
104.22.75.17,150,197,170,0
104.16.229.61,152,232,170,0
104.18.123.128,160,186,170,0
172.67.81.169,150,202,170,0
104.16.25.72,148,223,170,0
162.159.249.130,156,191,170,0
162.159.38.105,153,197,170,0
104.17.205.244,151,220,170,0
104.16.201.178,155,185,170,0
104.17.8.27,145,254,170,0
104.16.81.201,151,229,170,0
104.19.143.9,157,192,170,0
104.18.121.16,158,194,170,0
104.22.72.234,147,201,170,0
104.18.146.5,150,225,170,0
104.24.193.96,151,198,170,0
104.17.120.200,151,227,170,0
104.25.60.207,161,198,170,0
104.17.53.92,146,259,170,0
104.18.46.145,153,224,170,0
104.20.9.102,150,201,170,0
104.19.163.107,156,193,170,0
104.23.129.24,153,204,170,0
162.159.42.52,151,210,170,0
104.19.231.165,153,192,171,0
104.23.96.39,141,204,171,0
104.16.116.31,160,193,171,0
104.16.151.139,161,184,171,0
104.17.10.130,147,201,171,0
104.17.85.1,147,212,171,0
104.16.163.23,155,206,171,0
104.17.96.91,151,217,171,0
104.18.117.95,159,183,171,0
104.24.205.89,154,206,171,0
104.25.34.167,151,196,171,0
104.26.12.167,142,197,171,0
141.101.113.194,153,197,171,0
104.18.69.11,148,267,171,0
104.16.18.197,149,205,171,0
104.25.240.25,144,208,171,0
104.16.82.62,152,197,171,0
104.22.56.177,149,201,171,0
104.24.82.45,150,199,171,0
104.18.107.164,150,220,171,0
104.17.46.198,148,198,171,0
104.19.130.113,158,187,171,0
104.21.226.39,155,195,171,0
172.67.79.33,152,199,171,0
162.159.236.79,154,210,171,0
104.24.52.19,148,200,171,0
104.16.40.140,148,232,171,0
104.22.62.142,153,208,172,0
104.25.89.144,153,197,172,0
104.21.230.164,154,191,172,0
104.19.142.34,162,189,172,0
104.27.83.47,152,207,172,0
104.18.180.80,153,229,172,0
104.17.126.224,150,234,172,0
162.159.245.216,162,188,172,0
104.18.192.189,140,258,172,0
104.24.172.108,155,207,172,0
104.25.184.20,154,207,172,0
104.27.40.140,151,198,172,0
104.17.221.250,152,223,172,0
104.19.252.41,155,187,172,0
104.17.97.37,145,230,172,0
104.16.124.62,161,195,172,0
104.17.250.32,150,285,172,0
104.17.159.100,159,198,172,0
104.24.170.244,150,214,173,0
104.27.77.89,152,198,173,0
104.27.117.249,150,207,173,0
104.18.68.225,156,234,173,0
104.25.121.142,149,204,173,0
104.18.70.24,150,212,173,0
104.25.2.199,149,202,173,0
162.159.5.13,150,203,173,0
104.24.53.45,147,211,173,0
104.27.72.66,140,203,173,0
104.25.21.109,151,201,173,0
172.67.94.154,154,200,173,0
104.24.229.107,153,198,173,0
104.16.48.19,146,224,173,0
104.25.8.161,160,211,173,0
104.27.48.182,153,208,173,0
162.159.15.202,162,192,173,0
162.159.61.70,149,243,173,0
104.24.158.182,157,206,173,0
104.16.239.28,142,263,173,0
104.16.118.206,161,191,173,0
104.19.155.43,146,228,173,0
162.159.18.62,152,254,173,0
104.19.135.148,154,191,173,0
104.24.162.10,148,206,173,0
104.24.20.159,160,204,174,0
104.21.231.148,159,188,174,0
104.22.10.170,149,211,174,0
172.67.38.9,159,208,174,0
104.25.64.57,152,211,174,0
172.64.158.46,147,228,174,0
172.67.43.151,159,216,174,0
104.27.192.82,157,209,174,0
104.25.237.39,154,204,174,0
172.67.3.149,160,211,174,0
104.19.139.61,159,194,174,0
104.24.255.188,158,214,174,0
162.159.33.155,144,284,174,0
104.23.127.148,154,216,174,0
104.24.43.17,144,201,174,0
104.16.19.223,151,229,174,0
172.67.122.186,147,212,174,0
104.17.36.109,147,272,174,0
104.17.90.254,160,190,174,0
104.25.106.147,147,201,174,0
104.16.21.39,142,248,174,0
104.18.106.9,162,211,174,0
104.17.17.153,154,229,174,0
104.19.229.72,155,283,175,0
104.25.25.90,157,203,175,0
104.27.32.249,148,199,175,0
104.18.215.147,157,212,175,0
104.18.246.12,158,230,175,0
104.24.49.164,146,199,175,0
198.41.218.169,150,264,175,0
104.19.179.228,147,242,175,0
198.41.197.46,160,195,175,0
104.17.43.141,147,240,175,0
104.23.120.159,151,205,175,0
104.25.83.170,151,208,175,0
104.26.8.203,156,203,175,0
104.19.168.105,152,263,175,0
104.22.66.163,143,208,175,0
104.16.50.157,162,193,175,0
104.22.0.140,157,213,175,0
104.25.74.114,163,201,175,0
172.67.73.176,164,199,175,0
104.18.19.155,164,189,175,0
104.27.13.59,155,201,175,0
104.23.107.110,150,203,175,0
104.24.68.242,160,204,176,0
104.19.198.152,160,189,176,0
104.17.230.161,162,189,176,0
104.27.79.241,157,209,176,0
104.24.181.209,152,203,176,0
104.18.124.153,158,194,176,0
104.27.69.92,150,201,176,0
172.67.39.106,150,207,176,0
172.67.37.78,151,198,176,0
104.17.229.128,152,282,176,0
104.27.67.33,153,207,176,0
104.22.48.61,148,201,176,0
104.24.213.200,151,205,176,0
104.27.52.161,162,207,176,0
172.67.5.90,147,196,176,0
162.159.152.81,153,215,176,0
104.23.114.123,143,202,177,0
104.18.151.154,150,247,177,0
104.17.121.111,160,192,177,0
104.22.49.75,154,210,177,0
162.159.136.9,164,216,177,0
104.25.43.155,153,195,177,0
104.23.115.42,150,202,177,0
104.22.47.65,154,209,177,0
104.25.130.177,156,212,177,0
104.25.247.225,153,211,177,0
104.27.99.106,147,203,177,0
104.22.33.232,140,202,177,0
104.24.180.63,155,202,177,0
104.25.110.155,155,204,177,0
104.24.17.115,150,211,177,0
104.16.43.77,148,238,177,0
172.67.45.238,156,200,177,0
104.18.187.113,164,215,177,0
104.24.173.88,152,210,177,0
104.22.5.6,140,201,177,0
104.25.248.212,160,205,178,0
172.67.126.155,156,201,178,0
104.16.255.43,161,216,178,0
104.22.18.200,157,209,178,0
104.25.116.235,153,198,178,0
104.27.53.6,164,209,178,0
104.27.205.40,156,211,178,0
172.64.86.80,157,255,178,0
104.17.225.136,163,214,178,0
104.23.110.31,156,213,178,0
104.27.21.221,162,204,178,0
104.16.3.149,161,217,178,0
104.18.183.152,160,253,178,0
172.67.87.27,153,211,178,0
104.16.117.32,164,202,179,0
172.67.70.242,161,204,179,0
104.16.17.165,149,264,179,0
104.18.138.189,157,243,179,0
104.25.231.124,158,207,179,0
104.19.223.148,154,244,179,0
104.25.79.130,162,208,179,0
162.159.10.239,148,262,179,0
104.17.25.196,141,263,179,0
104.24.147.74,159,205,179,0
172.67.96.40,163,210,179,0
104.18.159.149,150,214,179,0
172.67.97.134,162,208,179,0
162.159.39.242,158,249,179,0
162.251.82.49,154,284,179,0
104.22.43.37,161,197,179,0
104.18.195.157,163,214,179,0
104.20.15.177,155,209,179,0
104.22.11.52,152,206,179,0
104.16.104.149,139,286,180,0
104.16.158.68,162,250,180,0
104.16.38.136,150,239,180,0
104.25.37.193,152,204,180,0
104.24.12.107,155,212,180,0
104.25.226.120,153,198,180,0
141.101.115.73,145,296,180,0
104.25.150.59,161,202,180,0
104.18.145.127,163,202,180,0
104.16.156.68,152,285,180,0
172.64.230.112,148,264,180,0
104.25.39.28,161,215,181,0
104.22.30.31,162,208,181,0
104.24.63.206,162,209,181,0
104.19.255.86,159,190,181,0
104.25.44.125,153,207,181,0
104.18.220.178,149,270,181,0
104.25.165.100,156,214,181,0
172.67.104.111,151,209,181,0
172.64.89.222,151,241,181,0
104.25.65.156,152,211,181,0
104.25.128.77,162,215,181,0
104.25.3.85,159,215,181,0
104.25.249.8,158,207,181,0
104.16.80.21,158,210,181,0
104.25.51.45,145,204,181,0
104.25.180.33,159,210,181,0
104.24.16.237,154,217,181,0
104.27.60.157,160,215,181,0
104.18.241.85,162,201,181,0
104.18.110.185,152,248,181,0
104.24.75.251,152,209,181,0
172.67.112.79,159,217,181,0
185.146.173.244,153,252,182,0
104.25.172.216,162,212,182,0
104.25.4.230,158,215,182,0
104.25.136.192,151,202,182,0
104.16.250.107,155,221,182,0
172.66.41.98,147,256,182,0
104.19.239.140,170,193,182,0
162.159.134.105,160,212,182,0
104.25.27.0,164,210,182,0
104.22.61.195,157,227,182,0
104.16.123.255,175,197,182,0
162.159.26.69,148,251,182,0
172.67.15.79,159,210,182,0
104.18.201.9,160,271,182,0
104.25.12.172,166,211,182,0
104.26.6.107,161,214,182,0
104.25.47.85,155,211,182,0
104.25.109.178,159,221,182,0
104.25.191.156,150,217,182,0
104.17.176.21,145,286,182,0
104.18.82.173,151,264,182,0
104.25.6.160,159,215,183,0
104.18.162.241,148,258,183,0
104.25.178.122,153,200,183,0
172.67.34.225,162,206,183,0
104.19.222.6,162,238,183,0
104.24.237.144,152,215,183,0
104.18.188.38,169,206,183,0
104.18.216.237,158,292,183,0
162.159.130.134,158,212,183,0
104.25.193.132,164,218,183,0
172.67.28.159,159,205,183,0
162.159.135.255,156,223,183,0
172.66.42.148,158,276,183,0
104.17.86.12,148,279,183,0
104.17.103.40,159,220,183,0
104.18.250.225,163,246,183,0
104.27.59.68,161,214,183,0
162.159.13.24,163,270,183,0
104.17.39.82,155,252,183,0
172.67.62.212,162,206,183,0
104.23.139.219,154,208,183,0
104.27.124.201,159,202,183,0
104.18.253.2,158,242,183,0
172.67.24.69,162,213,183,0
104.17.149.110,164,207,183,0
104.25.126.156,154,206,183,0
104.25.218.141,160,216,184,0
104.16.7.15,160,239,184,0
104.23.119.165,159,213,184,0
104.24.69.127,157,210,184,0
104.17.87.26,155,254,184,0
198.41.216.237,158,225,184,0
104.25.68.73,155,220,184,0
104.24.51.19,159,208,184,0
104.25.149.180,167,219,184,0
104.27.196.133,154,217,184,0
104.23.102.4,148,210,184,0
198.41.211.161,159,211,184,0
104.16.121.92,173,203,185,0
104.24.184.184,160,214,185,0
104.18.248.252,155,259,185,0
104.24.167.129,151,208,185,0
104.22.67.104,158,205,185,0
104.18.153.93,160,254,185,0
104.24.5.255,156,208,185,0
104.27.68.25,159,221,185,0
104.17.178.189,149,235,185,0
104.17.231.3,159,258,185,0
104.16.198.209,169,230,185,0
104.26.3.6,152,211,185,0
23.227.38.224,152,230,185,0
104.16.228.251,153,297,185,0
104.25.118.129,162,224,185,0
104.25.175.60,160,216,185,0
104.22.39.170,168,219,185,0
104.22.37.63,152,217,185,0
172.64.50.129,161,249,185,0
104.24.228.229,161,221,185,0
104.17.95.233,152,281,185,0
104.24.88.159,164,206,185,0
172.67.88.76,165,222,186,0
104.18.85.9,153,273,186,0
104.23.126.168,161,214,186,0
104.24.2.91,155,204,186,0
198.41.196.61,163,235,186,0
104.23.99.106,162,211,186,0
104.19.164.221,151,250,186,0
104.27.46.85,159,214,186,0
104.18.240.23,155,271,186,0
104.25.174.244,161,225,186,0
104.25.127.139,162,212,186,0
104.25.243.162,160,207,186,0
172.67.59.254,166,212,186,0
104.20.14.129,161,216,186,0
104.27.37.124,160,216,187,0
198.41.203.53,154,282,187,0
104.25.166.133,157,221,187,0
104.24.71.35,165,218,187,0
104.24.132.106,164,220,187,0
104.22.46.35,163,223,187,0
162.159.41.196,148,246,187,0
104.17.84.242,155,262,187,0
104.17.248.104,161,283,187,0
104.26.14.39,156,215,187,0
172.67.68.19,156,217,187,0
162.159.11.50,146,245,187,0
104.24.145.48,170,212,187,0
104.24.90.127,160,222,187,0
104.18.75.64,162,286,187,0
162.159.22.26,171,202,187,0
172.67.29.48,155,216,187,0
104.16.133.142,145,258,187,0
104.18.102.16,161,257,187,0
104.24.211.124,165,215,187,0
104.21.237.167,177,213,188,0
172.67.108.123,161,209,188,0
104.17.194.227,172,211,188,0
104.21.232.218,175,208,188,0
104.25.225.198,167,222,188,0
104.16.91.252,156,276,188,0
104.25.139.169,163,220,188,0
104.24.191.53,162,207,188,0
162.159.242.201,172,218,188,0
104.27.98.35,163,215,188,0
104.22.57.175,163,217,188,0
104.27.51.224,162,215,188,0
104.24.79.182,153,214,188,0
104.25.153.65,169,226,188,0
104.25.234.138,155,217,188,0
104.24.222.225,163,207,188,0
104.22.16.4,162,221,188,0
104.27.45.52,151,213,189,0
104.27.14.251,167,224,189,0
104.20.13.167,163,221,189,0
172.67.127.80,161,226,189,0
104.24.199.162,161,229,189,0
104.17.32.204,162,238,189,0
104.17.223.3,162,263,189,0
104.21.22.10,166,215,189,0
104.18.206.178,164,220,189,0
104.25.192.186,158,213,189,0
104.18.101.20,151,295,189,0
172.64.155.192,155,271,189,0
172.64.91.9,157,299,189,0
104.18.72.172,169,208,189,0
104.27.19.17,171,222,190,0
104.24.140.167,160,212,190,0
104.27.106.54,157,221,190,0
104.24.89.91,159,220,190,0
104.26.13.180,159,285,190,0
104.24.223.120,159,221,190,0
104.21.20.167,166,256,190,0
104.24.129.7,167,221,190,0
104.19.210.160,163,252,190,0
104.27.93.92,157,224,190,0
104.27.12.179,158,216,190,0
104.16.217.226,163,253,190,0
104.24.141.195,166,204,190,0
104.18.158.104,169,249,190,0
104.24.239.61,158,215,190,0
104.25.38.50,173,220,190,0
104.25.181.202,162,225,190,0
104.24.231.241,165,223,190,0
104.19.238.78,160,266,191,0
104.18.29.101,176,209,191,0
104.22.14.101,169,212,191,0
104.16.35.70,148,276,191,0
172.67.74.194,158,219,191,0
104.17.238.203,146,289,191,0
104.27.90.217,174,215,191,0
104.27.102.56,166,223,191,0
104.18.33.203,151,296,191,0
172.67.36.45,172,220,191,0
104.20.0.203,172,223,191,0
104.27.56.140,168,226,192,0
104.18.21.233,183,210,192,0
104.25.158.43,159,224,192,0
104.17.18.203,159,272,192,0
104.25.13.102,161,209,192,0
104.16.66.74,157,278,192,0
104.21.221.42,165,257,192,0
198.41.215.110,163,276,192,0
104.17.236.189,149,240,192,0
104.21.15.26,163,251,192,0
104.22.78.179,165,216,192,0
104.25.131.214,163,216,192,0
104.24.148.238,164,223,192,0
104.16.131.69,154,273,192,0
104.27.71.165,165,212,192,0
104.25.46.173,168,225,192,0
104.17.243.239,164,256,192,0
104.16.157.52,145,295,192,0
172.67.66.41,160,210,192,0
198.41.214.70,165,263,193,0
104.27.26.53,174,223,193,0
104.25.100.26,157,222,193,0
104.21.223.144,167,253,193,0
172.65.207.36,154,271,193,0
104.18.161.233,160,273,193,0
104.25.31.220,172,216,193,0
172.67.228.232,163,221,193,0
104.21.198.43,164,248,193,0
104.16.126.163,174,220,194,0
104.25.36.155,160,226,194,0
104.23.136.204,162,227,194,0
104.25.45.84,165,215,194,0
172.67.237.160,165,220,194,0
104.18.168.169,151,268,194,0
104.27.89.48,164,222,194,0
104.18.74.72,146,252,195,0
104.27.0.224,173,218,195,0
104.16.70.2,166,265,195,0
104.24.94.182,163,214,195,0
172.64.150.142,161,263,195,0
172.67.120.20,168,228,195,0
104.27.27.157,164,222,195,0
104.24.174.117,167,219,196,0
104.18.104.175,168,295,196,0
108.162.194.149,178,237,196,0
172.67.177.243,165,243,196,0
104.19.149.49,156,267,196,0
198.41.198.55,162,299,196,0
104.27.193.65,163,217,196,0
104.18.4.46,171,282,196,0
172.67.181.139,165,251,197,0
190.93.247.64,162,275,197,0
104.24.80.214,157,209,197,0
104.27.8.164,158,217,197,0
104.25.215.219,168,225,197,0
104.24.18.122,190,206,197,0
104.27.65.20,175,228,197,0
104.17.68.102,149,291,197,0
104.16.167.122,167,257,197,0
104.22.21.137,184,236,198,0
104.17.34.103,162,295,198,0
172.67.246.181,164,247,198,0
104.27.50.246,166,215,198,0
104.25.35.223,164,225,199,0
172.67.249.126,170,220,199,0
104.21.196.154,166,243,199,0
104.24.6.102,191,228,199,0
162.159.46.178,162,283,199,0
104.17.27.85,152,295,199,0
172.67.26.242,183,226,200,0
162.159.206.28,150,287,200,0
104.24.177.13,187,222,200,0
172.67.231.5,168,239,200,0
104.21.113.142,161,256,200,0
162.159.32.192,160,277,200,0
172.67.207.152,169,244,200,0
172.64.96.16,161,292,200,0
172.64.90.23,150,274,200,0
104.18.165.59,148,298,200,0
172.67.219.168,170,247,200,0
104.25.167.8,172,224,200,0
172.67.244.72,166,245,200,0
104.17.38.9,155,299,200,0
104.21.81.76,167,224,201,0
172.67.153.214,167,246,201,0
104.21.106.131,164,250,201,0
104.17.218.199,160,279,201,0
104.27.97.253,171,225,201,0
104.21.100.58,165,246,201,0
104.21.60.44,164,242,201,0
172.67.142.122,176,227,202,0
104.25.224.189,186,237,202,0
104.21.209.75,169,244,202,0
104.17.61.176,170,281,202,0
104.25.142.171,175,231,202,0
172.64.94.190,159,287,202,0
104.19.113.152,154,294,202,0
104.21.14.149,165,247,202,0
162.159.40.233,165,272,202,0
104.26.9.153,189,242,202,0
104.21.210.124,166,241,202,0
104.27.114.227,186,237,203,0
172.67.162.105,166,257,203,0
104.21.65.60,167,244,203,0
104.20.1.64,171,222,203,0
104.17.41.100,140,293,203,0
104.18.109.57,169,295,203,0
104.27.33.166,185,242,203,0
104.27.195.244,194,212,203,0
104.16.90.54,148,269,203,0
104.21.86.42,166,255,203,0
162.159.8.173,143,266,203,0
104.21.21.232,168,235,203,0
172.67.186.206,169,224,204,0
104.21.211.53,162,252,204,0
104.24.154.69,188,248,204,0
104.25.96.135,171,225,204,0
172.67.6.232,187,236,204,0
104.24.40.48,185,242,204,0
104.21.0.118,168,251,204,0
104.22.38.107,184,230,204,0
104.21.53.128,165,251,204,0
104.24.164.189,187,236,205,0
104.21.37.213,163,242,205,0
104.27.87.144,186,240,205,0
172.67.185.34,171,247,205,0
172.67.250.190,168,245,205,0
198.41.194.5,172,257,205,0
172.67.133.248,167,246,205,0
104.21.40.23,160,249,205,0
104.22.9.246,181,237,205,0
104.24.87.146,184,243,205,0
104.27.100.28,188,239,205,0
172.67.157.12,166,239,205,0
104.16.60.91,170,296,205,0
104.21.68.142,171,256,206,0
172.67.218.171,178,235,206,0
104.21.16.44,165,240,206,0
104.18.150.167,153,286,206,0
104.21.73.228,162,251,206,0
172.67.63.204,185,232,206,0
104.25.199.181,186,249,206,0
104.21.3.173,170,243,206,0
172.67.255.236,178,223,206,0
104.25.227.29,186,238,206,0
104.21.92.231,167,257,206,0
172.67.167.160,167,253,207,0
104.24.227.143,187,235,207,0
162.159.153.31,188,235,207,0
172.67.170.4,168,260,207,0
172.67.44.200,186,241,207,0
104.23.98.81,181,249,207,0
172.67.197.93,165,256,207,0
172.67.102.154,187,247,207,0
104.21.12.241,169,244,207,0
104.20.2.139,188,237,208,0
104.25.41.32,184,237,208,0
104.21.48.124,167,251,208,0
104.22.12.16,191,247,208,0
172.67.204.154,171,259,208,0
104.24.185.168,189,238,208,0
104.19.51.72,170,290,208,0
104.24.149.95,187,244,208,0
104.21.117.211,170,251,208,0
104.24.230.253,187,248,208,0
104.21.79.54,169,251,208,0
172.67.230.167,163,263,208,0
172.67.176.215,168,245,209,0
104.21.83.135,167,261,209,0
104.24.86.170,193,240,209,0
172.67.146.113,162,251,209,0
104.24.1.218,188,234,209,0
162.159.160.58,189,246,209,0
104.25.53.82,186,231,209,0
104.23.141.105,180,239,209,0
104.24.238.172,186,242,209,0
104.21.59.124,173,269,209,0
104.27.41.188,183,241,209,0
104.24.0.60,183,238,209,0
172.67.121.204,189,247,209,0
172.67.187.93,168,249,209,0
172.64.78.243,171,242,209,0
104.21.43.196,171,250,209,0
104.24.10.153,189,248,209,0
104.25.85.172,192,233,209,0
104.25.78.130,187,242,209,0
104.24.178.175,193,241,209,0
104.24.176.51,189,244,209,0
172.67.159.233,167,248,209,0
104.25.117.175,187,255,209,0
104.21.13.118,172,260,210,0
104.17.150.155,170,296,210,0
172.67.189.81,167,258,210,0
104.25.235.173,189,248,210,0
104.22.1.47,188,251,210,0
104.25.23.0,190,240,210,0
172.67.21.98,191,233,210,0
104.21.58.154,164,252,210,0
172.67.111.14,189,238,210,0
104.24.195.167,194,249,210,0
104.21.39.225,163,247,210,0
172.67.235.198,180,235,210,0
104.22.59.162,198,232,210,0
104.24.58.75,196,229,210,0
104.25.111.206,188,251,210,0
104.25.245.124,187,246,210,0
172.67.20.152,184,244,211,0
104.23.131.30,189,245,211,0
104.21.212.247,167,252,211,0
104.24.166.159,194,247,211,0
104.22.13.210,187,239,211,0
104.27.80.127,192,247,211,0
172.67.215.223,167,257,211,0
104.27.92.201,191,236,211,0
104.21.46.25,171,257,211,0
172.67.233.113,169,261,211,0
104.18.152.47,165,298,211,0
172.67.106.49,191,247,211,0
172.67.161.165,166,256,211,0
104.22.19.176,193,245,211,0
104.25.232.176,192,254,211,0
104.27.118.90,193,250,211,0
104.24.47.55,194,247,211,0
172.67.184.69,175,242,211,0
172.67.220.152,165,254,211,0
172.67.148.186,178,237,211,0
104.21.213.82,165,254,211,0
172.67.51.178,191,237,211,0
104.24.136.46,188,234,211,0
172.67.136.75,169,247,211,0
104.27.57.6,184,250,211,0
104.24.190.122,196,251,212,0
172.67.139.144,163,260,212,0
104.24.48.145,184,237,212,0
104.22.35.202,183,254,212,0
104.25.54.118,197,249,212,0
172.67.239.21,165,246,212,0
104.24.192.245,188,235,212,0
104.16.129.132,166,287,212,0
104.21.126.30,165,261,212,0
104.22.24.55,185,248,212,0
172.67.203.66,191,245,212,0
172.67.41.38,191,236,212,0
104.26.11.141,186,251,212,0
104.27.120.98,189,240,212,0
172.65.175.202,183,243,212,0
104.21.220.151,166,260,212,0
104.25.119.78,192,240,212,0
104.25.220.106,190,239,212,0
104.21.70.45,167,248,212,0
104.21.1.228,167,247,212,0
104.24.41.96,185,246,213,0
104.21.11.150,162,261,213,0
104.22.36.147,193,253,213,0
104.21.97.214,177,253,213,0
104.21.203.228,166,257,213,0
104.24.33.162,191,245,213,0
104.17.3.69,162,281,213,0
104.25.157.146,185,237,213,0
104.21.216.97,171,246,213,0
172.67.90.85,186,243,213,0
104.24.144.224,194,242,213,0
172.67.160.3,182,247,213,0
104.24.243.103,189,235,213,0
104.27.30.233,199,241,213,0
172.67.247.85,171,254,213,0
104.24.194.233,188,246,213,0
172.67.188.151,167,268,213,0
172.67.154.56,172,251,213,0
172.67.114.151,199,240,213,0
172.67.245.206,173,258,213,0
104.21.194.139,163,254,213,0
104.24.31.44,187,237,213,0
104.25.185.72,198,247,213,0
172.67.198.133,178,248,213,0
104.21.8.232,179,241,213,0
104.25.207.148,186,240,213,0
104.24.30.213,188,241,213,0
104.21.55.77,175,233,214,0
104.24.3.55,185,250,214,0
104.21.204.162,172,257,214,0
104.27.85.89,201,243,214,0
104.25.200.123,187,241,214,0
104.16.79.182,142,290,214,0
104.25.48.58,184,248,214,0
104.21.222.9,168,252,214,0
104.21.107.4,173,243,214,0
104.21.125.182,167,255,214,0
104.24.200.142,188,244,214,0
172.67.156.28,169,258,214,0
104.23.106.89,197,251,214,0
104.21.120.156,168,241,214,0
172.67.165.89,160,248,214,0
104.21.99.253,167,257,214,0
104.22.76.112,198,235,214,0
172.67.178.26,171,260,214,0
172.67.130.188,186,246,214,0
172.67.1.41,197,240,214,0
104.24.152.167,188,245,214,0
172.67.132.203,179,250,214,0
104.21.90.69,204,245,214,0
104.17.123.142,159,289,215,0
104.25.129.82,201,246,215,0
104.27.119.183,191,241,215,0
104.21.62.79,169,255,215,0
104.20.4.169,188,247,215,0
104.21.115.29,180,256,215,0
104.27.10.92,193,256,215,0
104.21.98.23,163,249,215,0
104.22.53.207,189,248,215,0
172.67.75.144,198,249,215,0
104.21.96.247,168,296,215,0
104.25.30.68,191,261,215,0
172.67.128.165,167,246,215,0
104.21.7.143,167,250,215,0
104.27.206.94,187,243,215,0
104.21.63.168,171,260,215,0
104.21.201.179,180,253,216,0
162.159.142.106,200,252,216,0
188.114.97.108,178,261,216,0
172.67.11.65,194,255,216,0
172.67.131.126,161,258,216,0
172.67.164.115,170,248,216,0
104.25.138.194,203,242,216,0
172.67.242.143,197,245,216,0
172.67.31.236,186,241,216,0
104.21.42.60,174,258,216,0
104.25.164.17,192,246,216,0
172.67.124.228,186,238,216,0
104.24.196.42,193,241,216,0
104.22.71.190,195,251,216,0
104.21.121.76,201,246,216,0
104.27.204.174,190,242,216,0
104.24.50.160,194,251,216,0
104.20.6.195,191,251,216,0
104.25.0.159,191,246,216,0
104.24.233.234,189,250,216,0
104.25.80.177,192,244,216,0
104.21.72.162,167,259,216,0
104.24.218.232,188,237,216,0
172.67.223.113,164,263,217,0
104.23.140.196,194,258,217,0
104.21.202.61,164,249,217,0
172.67.82.167,201,243,217,0
104.21.23.198,185,247,217,0
104.24.207.164,193,249,217,0
104.25.29.226,200,246,217,0
172.67.226.4,169,261,217,0
104.16.160.124,164,272,217,0
104.24.38.132,188,238,217,0
172.67.227.154,187,256,217,0
104.23.122.106,195,237,217,0
172.67.236.57,171,259,217,0
104.25.230.192,197,242,217,0
104.22.55.234,191,241,217,0
104.27.115.48,188,247,217,0
104.21.74.3,172,260,217,0
162.159.209.152,203,228,217,0
172.67.35.39,201,257,217,0
104.25.63.0,199,239,217,0
104.24.28.12,186,249,217,0
104.24.242.112,189,250,217,0
104.24.206.179,198,238,217,0
104.21.25.78,166,251,218,0
104.21.6.216,163,261,218,0
104.27.62.19,201,256,218,0
104.25.213.23,195,251,218,0
104.24.60.177,199,243,218,0
172.67.166.14,167,258,218,0
172.67.110.74,185,244,218,0
104.25.144.29,192,237,218,0
104.21.28.74,188,263,218,0
104.21.57.103,180,256,218,0
172.67.17.47,192,242,218,0
104.21.95.196,198,260,219,0
104.22.27.224,194,235,219,0
104.25.147.243,198,241,219,0
104.21.118.26,179,258,219,0
104.24.133.60,193,252,219,0
104.22.23.64,195,253,219,0
172.67.57.170,192,255,219,0
104.21.103.4,195,255,219,0
172.67.125.69,195,252,219,0
172.67.205.19,161,259,219,0
104.27.61.48,191,255,219,0
104.25.72.32,193,251,219,0
172.67.91.164,198,254,219,0
104.25.156.157,185,248,219,0
104.27.9.201,196,256,219,0
104.25.219.64,201,246,219,0
104.27.88.191,193,247,219,0
104.25.210.139,197,251,219,0
104.25.196.183,190,243,219,0
104.27.107.163,188,249,220,0
104.22.3.117,195,255,220,0
172.67.134.71,171,252,220,0
172.67.191.26,182,257,220,0
104.21.87.30,166,258,220,0
104.25.124.89,198,246,220,0
104.21.76.26,197,254,220,0
162.159.34.150,198,254,220,0
104.21.122.66,167,256,220,0
172.67.0.250,194,252,220,0
104.27.78.86,203,240,220,0
104.25.206.158,195,256,220,0
104.24.13.139,188,242,220,0
104.21.127.107,198,251,220,0
104.27.49.208,196,246,220,0
104.27.64.161,197,239,220,0
172.67.93.73,196,235,220,0
104.24.61.108,199,249,220,0
104.22.22.215,199,249,220,0
172.67.149.184,168,253,220,0
188.114.98.2,199,252,220,0
104.21.84.98,177,257,220,0
172.67.65.173,193,257,220,0
104.23.132.88,193,250,221,0
104.20.8.38,187,244,221,0
104.27.105.215,194,253,221,0
104.24.234.183,193,246,221,0
198.41.222.250,155,299,221,0
104.25.238.180,187,250,221,0
172.67.175.223,184,248,221,0
104.27.6.254,191,245,221,0
172.67.179.55,165,262,221,0
172.64.98.20,158,298,221,0
104.21.105.62,166,246,221,0
172.67.32.148,197,255,221,0
104.25.152.254,200,247,221,0
172.67.217.62,202,260,221,0
172.67.192.167,169,261,221,0
104.25.10.53,199,254,221,0
104.19.176.223,166,288,221,0
104.25.125.35,195,244,221,0
104.25.242.57,196,245,221,0
104.27.122.177,190,254,222,0
172.67.16.235,199,245,222,0
104.21.51.178,165,262,222,0
104.25.197.68,191,253,222,0
104.25.26.20,191,249,222,0
104.25.203.0,194,249,222,0
104.25.246.162,196,246,222,0
104.21.214.153,163,262,222,0
162.159.194.248,193,257,222,0
104.24.35.69,191,251,223,0
172.67.115.68,190,246,223,0
104.26.0.38,193,244,223,0
104.21.4.52,166,259,223,0
104.24.214.176,185,246,223,0
104.27.91.149,188,245,223,0
104.24.197.114,198,253,223,0
104.25.123.111,195,250,223,0
104.24.95.119,200,248,223,0
104.24.19.212,194,249,223,0
104.22.58.106,195,256,223,0
104.24.248.55,203,256,223,0
172.67.169.177,199,253,223,0
104.25.18.240,196,237,223,0
104.22.52.32,193,250,223,0
104.25.50.176,199,245,223,0
104.22.41.137,191,249,224,0
104.25.66.171,200,251,224,0
104.25.86.222,191,258,224,0
104.25.115.18,188,253,224,0
104.27.127.166,200,249,224,0
104.25.211.186,194,251,224,0
104.23.105.101,191,249,224,0
172.67.141.127,200,265,224,0
104.21.208.254,169,264,224,0
104.21.193.250,173,255,225,0
104.25.133.130,202,252,225,0
104.23.123.40,198,252,225,0
104.25.84.243,196,247,227,0
172.67.92.120,194,256,227,0
104.21.215.145,183,256,227,0
104.21.101.210,203,255,227,0
104.27.113.78,199,258,227,0
104.25.103.18,199,248,227,0
172.67.158.7,178,252,227,0
104.25.171.112,202,255,228,0
104.24.209.89,189,253,228,0
104.27.125.160,195,246,229,0
104.24.249.151,208,255,229,0
104.24.131.14,194,249,229,0
104.27.31.29,201,265,229,0
172.67.47.246,192,253,229,0
104.22.7.76,188,250,229,0
104.24.81.128,202,250,229,0
104.25.62.140,194,258,229,0
104.25.209.112,205,254,230,0
104.24.45.128,202,249,230,0
104.21.36.115,206,252,230,0
172.67.76.13,191,246,230,0
104.25.91.208,196,250,230,0
188.114.96.217,166,262,230,0
104.18.189.71,167,294,230,0
104.27.116.49,207,251,230,0
104.27.1.35,206,255,231,0
104.22.17.12,199,250,231,0
104.24.7.54,196,256,233,0
104.25.14.173,208,256,235,0
104.17.5.139,143,174,154,10
104.17.175.127,141,188,154,10
104.16.223.255,144,171,155,10
104.19.194.187,142,161,155,10
104.16.88.140,143,176,156,10
104.17.134.253,144,166,157,10
162.159.255.202,150,174,158,10
162.159.0.158,146,166,158,10
104.16.244.10,144,192,158,10
104.18.231.136,141,177,159,10
104.16.115.230,149,181,159,10
104.18.22.152,151,180,159,10
104.17.11.128,143,177,159,10
104.17.98.125,146,174,159,10
104.17.249.197,144,179,160,10
104.21.227.121,150,178,161,10
104.17.93.2,150,175,161,10
104.24.217.174,151,171,162,10
172.67.46.206,145,197,162,10
198.41.206.222,149,185,162,10
104.18.24.86,152,178,162,10
104.19.128.121,152,184,162,10
162.159.212.209,147,176,162,10
104.17.81.74,151,175,162,10
104.18.139.212,139,195,162,10
104.18.137.236,147,181,163,10
104.16.233.6,140,190,163,10
104.19.246.230,151,183,163,10
104.23.101.156,150,187,163,10
104.18.88.249,142,210,163,10
104.16.237.68,150,183,163,10
162.159.246.144,152,180,163,10
104.18.120.112,151,179,164,10
104.21.225.59,157,174,164,10
104.16.30.120,148,211,164,10
162.159.35.132,153,188,164,10
104.18.179.151,155,179,164,10
104.27.81.79,150,197,164,10
104.18.112.143,151,183,164,10
104.17.2.89,141,199,164,10
104.16.179.220,149,193,164,10
162.159.3.163,151,204,164,10
104.16.86.99,151,199,165,10
104.17.184.74,144,194,165,10
162.159.240.213,149,192,165,10
104.18.218.4,156,173,165,10
104.18.17.179,153,189,165,10
104.27.29.34,148,203,165,10
104.16.58.103,141,232,166,10
162.159.241.60,159,174,166,10
162.159.140.76,148,206,166,10
104.21.235.199,157,188,166,10
104.19.250.32,151,187,166,10
104.17.22.109,143,269,166,10
104.16.12.166,148,188,166,10
104.18.125.106,157,190,166,10
104.17.47.183,153,200,166,10
104.21.233.48,149,187,167,10
104.16.112.103,150,183,167,10
104.17.182.96,148,194,167,10
104.25.228.141,153,203,167,10
104.16.101.167,157,192,167,10
104.16.100.224,148,187,167,10
162.159.4.96,140,270,167,10
104.18.44.63,143,249,167,10
172.66.0.196,151,193,167,10
104.18.126.89,161,183,168,10
104.16.26.204,153,207,168,10
172.64.49.62,149,183,168,10
172.67.2.13,152,198,168,10
108.162.198.3,156,182,168,10
104.16.87.77,150,219,168,10
104.19.180.210,148,197,168,10
104.25.77.33,159,205,168,10
104.16.128.51,149,208,168,10
104.27.25.41,140,205,168,10
104.17.4.235,143,251,168,10
104.17.185.34,149,228,168,10
104.19.241.12,157,192,168,10
104.27.23.36,160,201,169,10
104.18.37.205,159,176,169,10
104.21.234.19,158,184,169,10
104.18.5.238,144,215,169,10
104.22.70.38,152,206,169,10
190.93.245.180,149,208,169,10
104.18.255.72,145,201,170,10
104.17.151.67,153,187,170,10
104.25.87.33,153,190,170,10
104.17.220.118,151,265,170,10
23.227.60.199,148,193,170,10
104.17.224.5,151,253,170,10
104.24.130.24,152,196,170,10
104.18.14.252,145,262,170,10
104.27.58.102,146,198,170,10
104.27.39.74,148,200,170,10
104.25.183.132,140,196,170,10
104.17.219.173,156,181,170,10
104.18.141.192,151,212,170,10
104.17.140.116,149,264,170,10
104.19.217.208,160,200,170,10
104.24.24.95,154,203,170,10
104.17.211.34,141,259,171,10
104.19.197.183,156,216,171,10
104.18.114.5,159,187,171,10
104.24.250.84,145,208,171,10
172.67.83.119,156,200,171,10
104.19.72.120,150,214,171,10
104.22.77.123,157,202,171,10
104.18.205.219,158,195,171,10
104.18.28.255,159,184,171,10
172.67.27.215,152,212,171,10
104.18.251.40,151,229,171,10
104.16.84.111,146,216,172,10
104.16.65.119,160,196,172,10
172.66.47.7,152,236,172,10
104.16.147.161,149,219,172,10
104.19.141.95,162,184,172,10
104.16.172.201,150,242,172,10
104.17.26.173,146,290,172,10
172.64.40.227,159,190,172,10
104.19.177.162,151,246,173,10
104.19.248.239,154,200,173,10
104.22.64.23,159,189,173,10
104.16.193.38,143,270,173,10
104.16.39.45,161,186,173,10
104.24.91.180,148,201,173,10
104.25.160.85,153,212,173,10
172.64.85.82,159,210,173,10
104.22.25.141,144,196,173,10
104.18.27.251,158,201,173,10
104.19.132.10,161,185,173,10
172.64.83.244,161,195,174,10
104.20.11.2,144,200,174,10
104.24.247.154,143,206,174,10
162.159.6.197,163,201,174,10
172.64.157.102,145,297,174,10
104.17.214.20,160,201,174,10
104.16.106.191,148,236,174,10
104.16.248.52,153,214,174,10
104.25.120.119,155,191,174,10
198.41.201.234,147,283,175,10
104.16.55.207,164,185,175,10
104.16.67.181,167,196,175,10
104.23.108.163,153,208,175,10
172.64.144.134,143,240,175,10
172.67.25.112,146,195,175,10
104.25.151.48,160,207,175,10
104.24.188.5,155,204,175,10
104.27.109.160,154,216,175,10
104.19.187.127,141,251,175,10
104.25.67.227,156,202,175,10
104.18.10.59,161,194,175,10
104.18.212.75,144,255,175,10
162.159.1.19,146,279,175,10
104.19.245.76,156,206,176,10
104.24.221.235,160,204,176,10
104.18.174.77,150,205,176,10
104.24.187.156,153,198,176,10
104.25.108.66,155,212,176,10
104.18.77.190,156,211,176,10
104.19.230.67,153,281,176,10
104.25.15.202,150,214,176,10
172.64.33.253,148,244,176,10
104.22.79.66,155,210,176,10
104.18.221.179,150,251,176,10
104.17.252.84,148,245,176,10
104.18.31.242,169,185,176,10
162.159.7.212,152,237,176,10
162.159.23.90,153,272,177,10
104.18.214.175,167,202,177,10
104.27.63.196,158,203,177,10
104.17.6.190,155,214,177,10
172.65.255.43,157,210,177,10
104.18.94.229,152,238,177,10
172.67.13.74,158,209,177,10
104.24.175.39,155,206,177,10
104.17.118.15,146,262,177,10
104.19.237.244,163,199,177,10
104.17.108.242,148,224,177,10
104.24.160.181,157,208,177,10
104.18.13.230,148,296,177,10
104.25.236.90,161,200,177,10
104.24.72.47,155,206,178,10
172.65.246.116,155,235,178,10
104.18.169.92,164,197,178,10
172.66.1.5,153,268,178,10
104.18.228.177,161,192,178,10
104.17.128.225,145,298,178,10
104.27.84.74,163,214,178,10
104.17.177.46,164,195,178,10
104.19.188.201,149,230,178,10
104.18.8.255,159,205,178,10
104.16.94.37,147,278,178,10
172.67.78.181,157,210,179,10
104.17.129.100,146,261,179,10
104.17.135.45,163,214,179,10
104.19.115.189,153,214,179,10
104.24.134.175,159,219,179,10
104.17.79.216,148,252,179,10
104.23.138.151,157,207,179,10
104.16.175.113,149,265,179,10
162.159.133.201,157,210,179,10
104.27.96.182,154,207,179,10
104.18.237.134,143,284,180,10
104.18.116.12,161,193,180,10
104.27.28.98,159,210,180,10
172.67.14.171,152,200,180,10
104.25.94.213,162,218,180,10
104.17.57.160,146,245,180,10
172.67.18.29,164,206,180,10
172.67.60.140,156,209,180,10
104.16.234.113,164,243,181,10
104.24.83.242,157,213,181,10
172.67.117.94,149,208,181,10
104.24.22.36,153,207,181,10
104.18.38.63,145,267,181,10
104.25.1.230,157,209,181,10
104.24.251.164,157,205,181,10
104.17.94.251,148,288,182,10
104.17.66.66,146,252,182,10
104.16.154.45,158,259,182,10
104.23.118.236,156,204,182,10
104.25.32.147,158,210,182,10
104.27.7.76,164,220,182,10
104.25.173.138,150,208,182,10
104.17.168.43,148,254,182,10
104.16.240.119,153,290,182,10
104.25.114.68,163,213,182,10
104.19.27.70,153,269,182,10
104.18.155.11,161,248,182,10
104.18.6.24,147,274,182,10
104.25.59.117,161,210,182,10
172.67.107.253,154,206,182,10
172.67.22.190,169,205,182,10
104.18.184.3,171,211,183,10
104.27.70.53,162,206,183,10
172.67.100.237,153,208,183,10
104.25.148.21,163,206,183,10
104.25.244.113,162,216,183,10
104.18.65.158,149,266,183,10
104.19.145.94,152,296,183,10
162.159.21.101,153,259,183,10
104.18.108.156,161,252,183,10
104.16.168.101,156,254,183,10
104.18.244.101,153,272,183,10
104.24.252.245,168,211,183,10
104.17.192.114,145,295,183,10
104.19.158.66,153,254,183,10
104.17.239.100,143,293,184,10
172.64.231.181,149,242,184,10
104.16.2.60,145,231,184,10
172.67.12.76,153,207,184,10
172.64.66.90,142,278,184,10
104.25.97.80,156,213,184,10
104.16.45.245,160,253,184,10
104.16.143.197,166,221,184,10
104.24.77.125,164,210,184,10
104.25.217.248,162,216,184,10
104.19.171.131,147,262,184,10
104.27.203.105,168,208,184,10
162.159.143.100,167,221,184,10
104.18.128.56,151,241,185,10
104.23.133.16,161,213,185,10
104.24.155.71,166,215,185,10
104.24.153.55,155,208,185,10
104.17.169.43,148,292,185,10
104.18.97.90,163,243,185,10
104.25.99.148,161,220,185,10
104.18.98.223,160,229,186,10
104.17.147.124,163,228,186,10
104.24.66.176,168,217,186,10
104.24.215.14,167,219,186,10
104.25.7.65,166,208,186,10
104.21.239.178,175,218,186,10
162.159.43.47,164,211,186,10
104.24.142.135,160,220,186,10
104.24.226.115,170,215,186,10
104.24.165.85,167,214,186,10
104.17.0.64,161,250,186,10
104.27.2.199,164,214,186,10
104.18.193.249,149,259,186,10
104.18.163.209,144,298,187,10
104.24.202.160,170,212,187,10
104.17.73.206,152,252,187,10
104.19.221.236,165,222,187,10
104.19.74.16,147,296,187,10
104.24.224.59,162,220,187,10
104.27.121.78,165,219,187,10
198.41.217.182,165,221,187,10
104.16.34.9,147,297,187,10
172.64.152.159,149,228,187,10
104.19.204.77,144,297,187,10
104.23.124.160,152,209,187,10
104.27.197.86,169,212,187,10
104.25.223.41,160,223,187,10
104.24.241.7,157,209,187,10
104.25.155.79,165,215,187,10
104.16.42.35,151,257,187,10
104.17.101.90,167,265,187,10
104.16.28.216,165,291,188,10
104.18.67.167,161,284,188,10
104.16.63.35,169,254,188,10
104.19.154.91,150,272,188,10
104.18.23.246,176,208,188,10
172.67.64.126,165,215,188,10
172.67.119.229,161,220,188,10
104.17.138.175,156,293,188,10
104.18.227.17,159,245,188,10
172.66.40.66,159,282,188,10
104.16.216.100,153,252,188,10
104.18.178.215,164,239,188,10
162.159.62.61,163,275,188,10
23.227.39.93,155,299,188,10
104.24.25.93,160,214,188,10
172.66.2.182,170,231,188,10
104.19.212.171,163,262,188,10
104.18.105.194,165,298,188,10
104.16.108.20,175,196,189,10
104.20.7.55,164,213,189,10
104.18.78.64,147,247,189,10
104.24.139.110,170,219,189,10
162.159.250.7,172,206,189,10
104.23.142.37,161,209,189,10
104.17.115.167,153,298,189,10
104.25.61.228,162,224,189,10
172.64.87.111,173,230,189,10
172.66.45.77,157,276,190,10
104.18.83.9,147,266,190,10
104.19.236.118,143,296,190,10
104.24.76.148,161,222,190,10
104.25.132.198,165,211,190,10
104.25.205.37,156,210,190,10
104.26.2.210,155,258,190,10
104.17.92.32,172,221,190,10
104.18.176.46,151,292,190,10
104.16.71.70,156,292,190,10
172.67.105.181,160,215,190,10
104.17.203.160,145,236,191,10
104.25.112.113,161,212,191,10
104.27.44.255,167,219,191,10
104.18.144.33,152,277,191,10
104.16.222.2,158,280,191,10
104.17.13.131,162,230,191,10
198.41.199.139,156,245,191,10
104.27.104.163,165,223,191,10
104.16.1.244,150,278,191,10
104.19.242.164,175,211,191,10
104.25.134.15,172,214,191,10
104.17.133.216,157,293,192,10
104.21.199.22,167,246,192,10
104.24.219.241,159,224,192,10
104.24.92.202,162,211,192,10
172.64.41.175,157,247,192,10
104.18.209.208,170,285,192,10
104.18.142.34,155,262,192,10
104.21.34.120,164,241,192,10
104.19.162.27,153,265,192,10
104.18.234.96,177,210,192,10
104.17.127.43,160,279,193,10
104.18.134.59,149,283,193,10
104.27.207.115,161,208,193,10
162.159.25.11,148,296,193,10
104.18.167.140,149,278,193,10
104.17.245.73,170,295,193,10
104.27.34.245,159,225,193,10
162.159.251.180,174,209,193,10
172.67.232.102,170,237,193,10
104.17.173.88,159,295,194,10
104.18.181.111,156,265,194,10
104.27.74.44,173,219,194,10
104.17.67.156,160,284,194,10
104.16.137.157,154,295,194,10
104.16.132.82,167,298,194,10
104.25.162.183,169,219,194,10
104.17.206.131,163,237,195,10
172.67.173.107,167,244,195,10
104.17.50.37,173,227,195,10
104.16.159.205,167,263,195,10
104.16.98.227,151,297,195,10
104.17.122.183,140,298,195,10
104.17.232.26,146,270,196,10
104.18.224.179,159,250,196,10
104.19.53.29,145,249,196,10
104.19.148.142,157,268,196,10
172.67.168.249,165,223,196,10
104.18.154.148,152,292,197,10
104.18.232.206,159,297,197,10
104.24.161.81,173,219,197,10
104.16.23.196,153,291,197,10
104.25.22.79,170,223,197,10
104.19.129.246,180,209,197,10
104.18.47.232,159,297,197,10
104.25.24.211,168,223,197,10
104.25.9.116,174,222,197,10
104.21.218.79,169,233,198,10
104.21.91.80,170,248,198,10
104.16.97.62,147,283,198,10
104.25.143.15,173,221,198,10
104.17.193.135,149,285,198,10
104.24.216.228,188,208,199,10
104.16.27.46,161,290,199,10
104.22.42.104,184,231,199,10
104.17.139.93,143,272,199,10
172.64.34.237,178,251,199,10
104.18.225.39,160,248,199,10
104.17.14.164,163,258,200,10
104.18.217.66,163,296,200,10
172.67.109.67,178,218,200,10
104.17.116.22,153,286,200,10
104.17.9.57,152,299,200,10
104.17.254.52,145,289,200,10
104.27.35.21,179,221,200,10
173.245.58.35,157,277,200,10
104.21.27.162,166,259,200,10
172.67.238.98,168,231,201,10
172.67.221.124,163,260,201,10
104.31.16.31,163,279,201,10
172.67.202.71,165,257,201,10
104.22.68.251,184,239,201,10
104.16.246.109,141,284,201,10
198.41.223.139,149,268,201,10
104.17.105.7,148,270,202,10
172.67.214.113,167,248,202,10
172.65.229.236,152,296,202,10
104.16.153.249,150,298,202,10
104.21.109.162,166,215,202,10
104.24.59.103,188,248,202,10
104.24.65.33,189,229,202,10
104.21.80.19,165,247,202,10
104.25.252.198,174,224,202,10
104.23.117.4,186,240,202,10
172.67.253.205,181,230,203,10
172.67.58.107,192,235,203,10
104.21.61.39,165,245,203,10
104.16.195.107,178,293,203,10
162.159.137.3,190,240,203,10
172.67.240.118,164,251,204,10
104.16.214.200,160,268,204,10
172.67.209.43,162,251,204,10
104.17.100.115,143,284,204,10
172.67.152.83,165,246,204,10
104.21.29.217,168,243,204,10
104.17.107.142,152,297,204,10
104.25.208.132,171,228,204,10
172.67.129.230,164,259,204,10
104.21.26.215,160,250,205,10
172.67.222.153,169,247,205,10
172.64.153.223,164,285,205,10
172.64.92.233,167,256,205,10
104.23.113.78,185,258,205,10
104.21.78.171,175,220,205,10
172.67.145.119,175,234,205,10
104.21.30.77,170,229,206,10
104.24.29.52,197,234,206,10
104.21.94.114,167,252,206,10
104.25.55.122,185,239,206,10
104.21.64.0,161,223,206,10
172.65.202.246,174,287,206,10
104.18.0.64,144,297,206,10
172.67.208.4,169,253,206,10
104.17.88.236,158,295,207,10
104.19.200.160,156,296,207,10
104.24.157.82,186,239,207,10
104.21.195.3,168,255,207,10
104.24.150.251,194,238,207,10
104.25.82.78,185,248,208,10
104.17.226.102,165,297,208,10
104.21.102.6,161,258,208,10
104.21.89.219,181,255,208,10
172.67.140.126,172,251,208,10
104.19.147.46,169,282,208,10
172.67.49.118,184,242,209,10
172.67.95.112,194,238,209,10
104.27.20.216,195,253,209,10
104.21.67.119,182,246,209,10
104.25.76.60,191,248,209,10
104.21.85.212,184,228,209,10
104.25.253.212,190,235,209,10
172.67.137.156,164,241,209,10
104.16.230.46,172,276,209,10
104.21.52.85,165,237,209,10
104.21.66.70,174,247,209,10
172.67.150.69,167,256,210,10
104.23.121.92,187,247,210,10
104.24.42.186,193,242,210,10
104.21.31.63,165,246,210,10
104.25.5.245,184,245,210,10
104.21.17.162,173,247,210,10
104.23.104.107,197,236,210,10
104.25.113.125,190,245,210,10
104.27.200.214,185,235,210,10
104.17.237.206,161,269,210,10
104.18.199.245,159,296,210,10
104.24.11.90,197,251,211,10
104.24.183.22,187,240,211,10
104.27.43.139,193,242,211,10
104.17.56.133,172,287,211,10
172.67.55.177,189,247,211,10
172.67.99.9,188,239,211,10
104.21.119.225,166,258,211,10
104.25.201.17,188,248,211,10
104.21.19.219,168,255,211,10
104.27.17.213,191,248,211,10
104.16.205.105,156,292,211,10
104.25.11.183,194,244,211,10
172.67.225.155,165,247,212,10
104.19.24.115,174,286,212,10
104.21.219.199,183,256,212,10
104.24.182.73,192,251,212,10
104.25.40.233,190,258,212,10
172.67.254.146,162,252,212,10
104.23.143.201,186,253,212,10
104.21.104.26,170,261,212,10
162.159.138.163,191,252,212,10
172.67.194.192,175,248,212,10
104.21.111.137,173,243,212,10
172.67.89.97,202,254,212,10
104.25.255.132,189,241,212,10
104.21.69.175,169,241,212,10
104.25.170.48,187,245,212,10
104.25.57.51,192,237,212,10
104.27.3.246,189,239,212,10
172.67.50.227,193,251,212,10
104.25.176.237,192,239,212,10
190.93.244.173,162,297,213,10
104.24.135.95,186,248,213,10
172.67.241.244,195,244,213,10
104.24.36.225,200,255,213,10
172.67.210.151,198,229,213,10
172.67.53.142,188,244,213,10
104.21.123.74,176,246,213,10
172.67.7.250,183,240,213,10
104.25.52.244,184,245,213,10
104.21.206.217,165,249,213,10
104.27.55.99,186,240,213,10
172.67.196.113,165,262,213,10
104.22.15.105,192,243,214,10
104.17.72.237,169,275,214,10
104.21.77.69,165,246,214,10
104.25.221.232,201,234,214,10
104.24.9.24,196,244,214,10
104.24.151.149,184,247,214,10
104.18.190.88,148,292,214,10
104.21.24.153,195,244,214,10
104.24.67.141,189,240,214,10
104.18.96.204,172,299,214,10
104.25.28.54,195,251,214,10
104.25.198.244,194,239,214,10
172.67.98.182,197,251,214,10
104.23.111.201,195,245,214,10
104.21.33.141,183,259,214,10
172.67.171.110,165,255,214,10
104.25.93.60,189,249,214,10
104.17.189.92,159,294,214,10
172.67.206.199,167,255,215,10
104.25.90.123,188,244,215,10
172.67.138.225,167,245,215,10
104.18.73.69,184,291,215,10
172.67.251.243,198,246,215,10
104.24.156.159,194,242,215,10
104.24.62.175,197,240,215,10
188.114.99.60,179,250,215,10
104.24.15.214,192,242,216,10
172.67.200.126,162,248,216,10
172.67.201.157,177,245,216,10
104.19.116.206,172,280,216,10
104.23.112.26,190,242,216,10
104.16.164.233,167,298,216,10
104.24.179.26,191,251,216,10
104.25.251.91,198,254,217,10
104.21.88.76,169,251,217,10
104.27.75.25,193,237,217,10
172.67.155.95,171,259,217,10
104.21.5.53,170,255,217,10
172.65.181.143,189,253,217,10
172.67.48.100,194,245,217,10
104.22.2.164,191,243,217,10
104.21.71.254,169,245,217,10
104.21.49.26,166,255,217,10
104.25.154.245,187,247,217,10
172.67.180.81,169,248,217,10
104.24.235.147,193,250,217,10
104.16.186.42,149,296,217,10
172.67.52.113,197,242,217,10
104.18.129.250,167,285,218,10
172.67.80.147,194,251,218,10
172.67.248.129,172,257,218,10
104.25.73.139,199,256,218,10
104.22.6.24,195,245,218,10
104.21.38.132,180,248,219,10
172.64.100.95,209,237,219,10
104.24.128.177,194,251,219,10
172.67.118.249,200,254,219,10
172.64.101.73,210,233,219,10
104.27.123.34,190,241,219,10
104.22.34.237,200,248,219,10
104.25.17.161,189,242,219,10
104.25.188.78,199,251,219,10
104.25.95.254,189,237,220,10
104.27.94.133,188,238,220,10
104.22.69.153,189,249,220,10
104.21.10.22,173,255,220,10
104.17.196.72,182,296,220,10
104.16.59.150,182,286,220,10
104.27.126.32,191,254,220,10
104.21.2.221,166,255,220,10
104.18.140.132,158,298,220,10
104.22.44.4,188,250,220,10
104.24.26.167,194,238,220,10
104.25.187.228,205,241,220,10
104.25.168.235,194,240,221,10
104.23.116.209,200,245,221,10
104.25.254.31,194,243,221,10
104.18.84.95,159,290,221,10
104.25.195.171,184,251,221,10
104.24.143.230,201,255,221,10
104.25.194.119,201,255,222,10
104.21.110.230,204,253,222,10
104.17.209.122,160,299,222,10
172.67.195.19,187,247,222,10
104.25.202.22,196,245,222,10
104.25.49.13,187,251,222,10
104.27.198.206,203,251,222,10
104.17.227.214,146,298,222,10
172.67.84.46,192,243,223,10
104.24.171.83,194,248,223,10
104.25.239.143,195,249,223,10
104.27.108.173,189,250,223,10
104.21.45.249,196,256,223,10
104.24.44.111,194,254,223,10
104.25.104.100,200,247,223,10
104.27.4.248,196,256,223,10
104.24.240.61,193,251,223,10
104.24.73.148,197,242,223,10
104.25.81.31,190,243,223,10
104.25.250.220,192,241,224,10
104.24.146.60,198,252,224,10
104.25.122.66,202,244,224,10
104.24.37.23,195,250,224,10
172.64.69.166,203,250,224,10
172.67.216.124,199,255,225,10
104.23.125.69,193,251,225,10
104.21.108.184,196,255,225,10
104.27.54.144,204,256,225,10
104.24.23.130,191,252,226,10
104.24.203.36,193,253,226,10
104.19.68.96,173,290,226,10
104.25.241.132,190,239,226,10
104.24.169.195,196,245,226,10
172.67.193.186,170,269,226,10
104.27.5.16,200,251,227,10
172.67.54.211,198,253,227,10
172.67.143.90,207,255,227,10
104.24.201.101,207,254,228,10
104.20.12.129,202,256,230,10
104.27.110.167,208,249,230,10
172.67.19.46,199,256,230,10
104.19.65.223,159,299,232,10
104.27.38.166,192,257,233,10
172.67.8.152,204,255,234,10
104.17.251.1,145,162,153,20
104.17.160.151,141,166,155,20
104.17.110.59,144,172,156,20
104.17.179.82,147,164,156,20
104.18.60.146,147,176,158,20
104.19.193.172,139,174,158,20
104.17.148.56,150,164,158,20
162.159.17.111,141,187,159,20
104.16.192.5,155,178,160,20
104.16.161.185,148,172,161,20
104.16.176.240,145,175,161,20
104.18.16.136,151,180,161,20
172.64.93.77,150,192,162,20
104.16.206.27,138,239,162,20
104.19.144.135,142,194,162,20
108.162.192.35,145,172,163,20
198.41.202.135,157,185,163,20
172.64.32.106,146,179,163,20
104.16.44.28,146,190,164,20
162.159.254.14,153,186,164,20
104.19.133.22,152,179,165,20
104.17.89.219,148,187,165,20
172.64.159.224,154,175,166,20
104.18.133.159,145,219,166,20
104.19.213.9,144,247,167,20
104.16.152.89,145,201,167,20
172.64.80.247,141,241,167,20
104.19.175.134,157,177,168,20
104.23.128.118,152,196,168,20
104.18.230.211,153,186,169,20
104.19.215.50,154,199,169,20
104.17.55.205,162,179,169,20
172.64.148.59,156,181,169,20
162.159.243.42,151,184,169,20
104.16.226.10,151,200,169,20
198.41.208.193,144,251,169,20
104.16.196.60,148,222,170,20
104.17.233.86,153,208,170,20
104.16.47.149,159,201,170,20
104.17.234.227,151,255,170,20
104.19.253.10,160,187,171,20
104.17.117.13,167,178,171,20
104.16.146.80,149,274,171,20
172.64.84.142,149,225,171,20
104.17.75.150,150,217,171,20
104.18.111.166,152,216,171,20
104.18.243.184,156,213,171,20
104.17.217.239,147,212,171,20
104.18.223.182,159,186,172,20
104.16.62.76,149,238,172,20
104.17.158.117,144,282,172,20
104.17.83.171,148,207,172,20
104.24.70.155,161,192,173,20
104.17.78.89,142,293,173,20
104.18.10.165,143,282,173,20
162.159.16.98,151,222,173,20
104.19.178.149,144,270,174,20
104.17.65.80,161,226,174,20
104.17.52.154,156,213,174,20
104.19.195.74,162,190,174,20
104.27.86.251,159,210,174,20
198.41.193.166,151,237,175,20
104.16.224.97,156,200,175,20
172.67.113.245,160,205,175,20
104.19.172.140,149,223,175,20
104.16.56.156,160,229,176,20
104.18.3.95,153,214,176,20
104.18.92.132,155,194,176,20
104.17.29.213,147,249,176,20
104.27.101.119,162,202,176,20
104.19.80.56,151,218,176,20
104.16.68.119,149,211,177,20
1.1.1.124,160,217,177,20
104.19.201.171,164,189,177,20
104.17.163.53,148,262,177,20
172.64.35.196,147,272,177,20
104.17.24.165,152,265,178,20
104.17.191.12,146,235,178,20
104.16.162.225,142,267,178,20
104.19.57.148,160,236,178,20
104.18.63.10,143,248,178,20
104.23.109.208,153,210,178,20
104.17.155.187,165,194,178,20
104.17.70.184,161,225,179,20
104.18.219.50,156,287,179,20
104.18.99.196,150,251,179,20
104.25.20.218,163,212,179,20
104.17.51.47,160,210,179,20
104.16.24.85,167,208,179,20
104.19.96.162,148,281,180,20
104.18.202.115,152,296,180,20
104.18.86.153,168,195,180,20
104.16.148.81,158,258,180,20
172.65.190.70,153,218,180,20
198.41.209.119,154,273,180,20
104.24.46.148,156,213,181,20
104.27.103.60,158,216,181,20
104.19.159.104,147,220,181,20
104.17.161.153,154,274,181,20
104.18.64.221,149,271,181,20
104.19.166.128,148,293,181,20
104.16.78.33,147,288,181,20
104.18.211.2,147,236,181,20
104.18.32.4,145,253,181,20
104.17.76.238,161,219,182,20
172.64.156.150,151,284,182,20
104.19.84.163,150,278,182,20
104.17.114.64,149,285,182,20
104.16.77.186,160,251,182,20
104.19.232.146,166,198,182,20
172.65.216.79,153,284,183,20
104.22.32.199,151,202,183,20
104.17.157.150,158,264,183,20
104.17.242.208,153,268,183,20
104.19.66.26,148,290,183,20
104.22.54.7,162,215,183,20
104.17.165.241,153,272,184,20
104.19.185.167,164,224,184,20
104.17.19.15,150,259,184,20
104.19.5.252,144,277,184,20
104.16.103.183,149,263,185,20
104.16.170.5,156,224,185,20
103.21.244.225,156,257,185,20
172.65.228.227,151,297,185,20
104.19.152.61,159,267,185,20
104.16.245.252,164,266,185,20
104.17.166.12,155,285,185,20
104.17.208.120,148,261,185,20
104.27.47.138,168,220,185,20
104.17.20.221,156,272,185,20
104.16.150.146,157,279,185,20
104.16.169.179,171,228,186,20
172.64.176.31,161,253,186,20
104.17.112.240,152,252,186,20
104.18.9.151,168,217,186,20
104.19.87.76,154,275,186,20
104.18.196.250,150,242,186,20
104.18.172.117,154,271,186,20
104.16.134.215,157,275,186,20
104.25.216.255,161,223,186,20
104.25.135.144,166,212,187,20
104.16.6.34,148,280,187,20
104.16.210.71,165,259,187,20
141.101.121.115,147,236,187,20
104.19.81.46,146,291,187,20
104.18.15.81,170,226,187,20
104.22.74.223,160,215,187,20
162.159.129.62,158,226,188,20
104.18.143.244,165,274,188,20
104.19.46.184,164,234,188,20
104.16.74.164,161,293,188,20
104.16.36.242,145,281,188,20
104.19.36.144,157,293,188,20
104.16.199.169,147,257,188,20
104.24.93.28,161,210,189,20
104.16.13.82,163,276,189,20
104.16.238.55,163,258,189,20
104.16.253.224,145,272,189,20
172.64.42.239,151,264,190,20
104.19.161.99,149,290,190,20
104.19.220.102,148,289,190,20
104.19.42.29,153,279,190,20
172.64.53.56,167,274,190,20
104.27.16.145,165,217,190,20
104.16.37.114,152,294,190,20
172.67.116.126,163,217,191,20
104.18.55.113,163,255,191,20
162.159.128.150,162,218,191,20
104.17.111.237,174,222,191,20
104.16.22.236,167,226,191,20
104.19.202.240,164,262,191,20
172.67.9.5,165,214,191,20
172.64.81.229,150,280,191,20
104.18.242.42,147,282,192,20
104.18.197.159,163,245,192,20
104.18.173.89,172,210,192,20
104.19.136.32,180,205,192,20
104.16.194.27,177,219,192,20
108.162.196.104,157,252,192,20
104.16.191.121,148,285,192,20
104.17.199.145,153,290,192,20
104.17.195.42,153,290,192,20
172.64.68.237,159,217,193,20
104.16.75.247,154,258,193,20
172.64.67.252,163,251,193,20
104.16.76.69,150,273,193,20
104.18.40.20,148,290,193,20
104.19.218.152,152,285,193,20
104.25.101.16,171,220,193,20
104.18.91.32,161,245,194,20
104.16.221.235,163,285,194,20
104.24.198.60,163,251,194,20
104.17.109.220,160,286,194,20
104.27.82.9,164,213,195,20
104.17.99.228,161,271,195,20
104.18.222.236,150,296,195,20
104.19.107.102,148,297,196,20
104.17.213.10,161,291,197,20
198.41.204.69,173,236,197,20
172.64.147.71,176,220,197,20
104.18.11.28,144,276,197,20
104.16.185.85,158,264,197,20
104.16.184.68,162,292,197,20
104.17.54.23,148,282,198,20
104.17.247.233,159,286,199,20
104.16.190.99,160,285,199,20
104.16.95.255,162,291,199,20
162.159.237.228,146,278,199,20
104.19.4.46,160,273,200,20
104.17.183.203,161,282,201,20
104.17.197.56,163,289,201,20
104.16.174.255,166,259,202,20
104.18.76.61,155,288,202,20
104.16.73.101,146,285,202,20
104.17.228.101,167,283,203,20
104.19.8.157,160,283,203,20
104.21.124.213,164,257,203,20
104.16.171.46,156,279,204,20
104.16.4.53,154,285,204,20
104.25.102.94,172,226,204,20
172.67.174.213,170,236,205,20
104.21.217.124,163,252,205,20
104.21.192.68,171,227,205,20
104.17.28.211,154,296,206,20
104.21.35.22,178,223,206,20
104.17.172.33,163,292,207,20
104.22.28.7,166,223,207,20
104.18.71.10,145,299,207,20
172.65.226.202,148,270,207,20
104.19.117.231,162,283,207,20
104.17.30.185,154,291,208,20
104.21.205.188,170,244,208,20
104.21.56.210,176,239,208,20
104.26.15.152,188,236,208,20
104.21.75.48,161,247,208,20
104.19.165.182,148,294,209,20
172.66.46.87,176,278,209,20
172.67.213.60,170,270,209,20
104.21.41.156,171,261,209,20
104.19.37.254,155,294,209,20
104.26.5.189,197,237,209,20
104.21.207.233,169,239,209,20
104.24.163.67,193,227,210,20
172.67.229.73,163,256,210,20
104.19.82.237,173,286,210,20
104.24.56.183,200,242,210,20
104.16.64.82,165,286,211,20
104.27.42.243,189,244,211,20
172.67.77.158,189,245,212,20
104.21.9.78,170,264,212,20
172.67.10.29,194,246,212,20
104.23.100.252,190,257,212,20
104.19.14.57,157,285,212,20
104.16.139.112,158,294,212,20
104.21.82.62,166,231,212,20
104.21.32.171,197,226,213,20
104.22.51.35,188,246,213,20
104.18.81.38,166,285,213,20
104.24.246.57,191,240,214,20
104.22.50.186,186,248,214,20
172.67.103.114,190,237,214,20
104.27.194.23,189,245,214,20
172.67.135.213,168,249,215,20
104.25.229.132,186,244,215,20
104.25.212.172,195,243,216,20
104.16.187.208,144,292,216,20
104.19.31.1,156,276,216,20
104.23.130.42,191,252,216,20
104.24.32.121,198,240,217,20
162.159.141.222,205,242,217,20
172.67.234.251,186,246,217,20
104.21.50.141,169,256,217,20
172.67.72.146,189,245,217,20
104.27.199.92,192,245,217,20
141.101.114.184,171,291,218,20
104.24.168.169,200,241,218,20
104.25.137.129,194,243,219,20
104.21.44.188,172,247,219,20
104.25.88.22,201,253,219,20
104.27.24.12,201,242,219,20
104.25.105.177,188,251,220,20
104.18.34.50,155,297,220,20
104.25.169.115,196,247,220,20
104.20.10.123,188,286,220,20
104.24.189.213,200,250,220,20
104.24.232.37,192,250,220,20
104.27.66.253,203,246,221,20
104.19.100.149,165,277,221,20
104.25.190.130,191,249,221,20
104.24.186.93,196,250,221,20
104.21.47.12,198,271,222,20
104.21.18.216,204,253,222,20
172.67.199.73,203,262,224,20
104.22.45.126,198,246,224,20
104.24.225.21,200,250,225,20
104.24.159.61,194,243,226,20
104.27.202.218,193,261,226,20
104.17.244.35,161,293,226,20
104.21.197.199,203,250,226,20
162.159.49.78,155,293,227,20
104.24.220.1,195,247,228,20
104.27.15.82,200,255,229,20
172.67.182.9,205,258,231,20
104.16.140.203,159,290,231,20
172.67.30.110,200,247,232,20
104.19.77.201,173,293,235,20
104.19.127.133,151,297,237,20
104.18.160.19,142,160,153,30
104.16.252.39,144,168,156,30
162.159.213.72,141,178,158,30
104.16.231.178,144,172,158,30
104.19.71.133,142,187,160,30
104.19.181.20,148,171,161,30
104.18.170.95,149,172,162,30
104.17.23.69,148,176,162,30
104.18.249.71,150,172,162,30
104.16.173.226,149,187,162,30
104.16.181.47,149,174,163,30
104.18.2.11,153,199,163,30
104.18.132.25,150,173,163,30
104.19.207.73,145,211,163,30
104.17.31.55,144,194,164,30
104.17.12.249,148,228,164,30
104.18.226.192,154,176,165,30
104.17.187.74,148,201,165,30
104.18.89.206,148,211,166,30
172.66.3.0,157,184,167,30
104.16.180.142,148,188,169,30
104.19.101.30,146,247,169,30
104.17.142.66,149,188,170,30
104.26.7.100,155,207,170,30
104.21.224.200,152,251,170,30
104.16.177.142,147,232,171,30
104.18.213.22,157,194,171,30
104.16.215.29,151,264,171,30
104.17.15.47,158,181,171,30
198.41.207.105,142,281,171,30
104.17.201.5,143,252,172,30
104.18.245.247,142,227,172,30
104.19.69.124,151,203,172,30
104.19.20.143,152,197,172,30
104.18.164.8,151,234,173,30
104.19.45.27,142,286,173,30
104.19.151.192,149,271,173,30
104.16.155.138,154,189,174,30
172.64.88.15,148,229,174,30
104.17.40.117,161,183,174,30
104.19.189.113,145,244,174,30
104.16.141.232,167,184,175,30
104.16.130.174,143,275,175,30
104.16.218.128,160,192,175,30
104.16.72.241,148,274,175,30
104.24.212.160,154,206,176,30
104.17.141.68,157,234,176,30
104.16.145.20,156,194,176,30
104.18.79.216,154,213,177,30
104.24.236.97,155,212,177,30
104.25.161.230,165,208,178,30
104.17.210.190,149,278,178,30
104.17.131.158,162,192,178,30
104.17.200.152,142,252,179,30
172.64.38.238,167,192,180,30
162.159.9.85,165,207,180,30
104.18.149.251,152,231,181,30
104.24.254.187,161,215,181,30
104.16.33.75,155,288,181,30
104.19.41.237,148,267,181,30
104.17.164.12,161,210,181,30
162.159.48.198,157,297,181,30
104.22.4.36,156,212,182,30
162.159.14.207,169,222,182,30
104.17.104.67,146,269,182,30
172.64.48.119,162,226,182,30
104.17.235.67,150,269,182,30
104.18.171.198,163,220,182,30
104.16.144.28,150,280,183,30
172.65.199.162,151,291,183,30
104.16.138.186,152,284,183,30
104.19.214.91,170,199,183,30
104.16.251.103,166,207,183,30
104.17.246.160,142,281,184,30
104.16.5.206,149,244,184,30
104.19.38.147,164,260,184,30
104.17.198.8,152,274,184,30
104.18.238.191,148,289,184,30
104.16.178.252,160,255,184,30
104.19.49.75,149,290,184,30
104.19.7.6,163,240,184,30
104.19.184.104,163,263,185,30
104.17.156.55,162,244,185,30
104.18.203.217,162,215,185,30
104.19.62.67,154,246,185,30
104.19.183.162,148,288,185,30
104.19.205.98,162,248,185,30
104.17.167.203,146,286,186,30
104.19.0.30,160,267,186,30
104.19.10.244,150,273,186,30
104.16.249.181,160,294,186,30
104.18.239.49,148,285,188,30
198.41.200.169,157,291,188,30
104.19.78.177,166,248,189,30
104.19.99.153,150,281,189,30
104.19.76.140,161,231,189,30
104.17.190.102,168,291,189,30
104.18.87.147,175,215,189,30
104.18.194.22,156,295,190,30
104.16.254.101,170,274,191,30
104.17.130.94,179,218,191,30
172.67.243.170,164,214,191,30
104.17.63.129,149,281,192,30
104.18.7.30,144,293,193,30
104.18.41.44,148,288,194,30
104.18.147.141,155,265,194,30
104.18.131.50,150,278,196,30
104.16.236.208,149,291,196,30
104.16.110.239,157,284,196,30
104.18.135.156,158,295,196,30
104.17.64.69,163,285,196,30
104.19.216.101,169,292,197,30
104.17.69.79,171,283,197,30
190.93.246.178,150,294,198,30
104.16.220.158,163,292,199,30
104.18.182.63,151,295,199,30
198.41.195.218,154,297,199,30
104.18.204.11,170,295,199,30
162.159.58.33,156,288,199,30
104.16.183.8,156,275,200,30
104.19.97.46,169,261,200,30
104.18.100.122,150,295,200,30
104.18.185.98,165,274,200,30
104.16.85.26,164,284,200,30
104.16.41.142,175,273,200,30
104.25.159.81,190,210,200,30
104.18.229.163,161,281,201,30
104.19.21.206,167,286,202,30
104.16.10.213,172,265,203,30
104.17.136.246,149,274,204,30
104.16.207.83,151,297,205,30
104.17.42.96,162,292,205,30
104.16.165.63,163,256,205,30
104.16.29.10,160,262,205,30
104.17.202.244,163,293,206,30
104.23.135.247,188,235,206,30
104.17.222.21,150,298,206,30
104.16.20.68,173,298,206,30
104.19.32.119,167,254,207,30
104.19.59.205,170,297,207,30
104.19.211.44,159,286,208,30
104.19.43.140,158,275,209,30
104.18.35.107,165,279,209,30
104.22.60.176,185,235,209,30
104.16.14.25,170,294,210,30
104.18.45.67,159,278,210,30
104.17.106.168,168,291,210,30
104.18.210.109,159,290,211,30
104.22.63.77,186,244,211,30
172.67.61.118,190,248,211,30
104.24.138.130,182,237,211,30
104.17.143.155,168,290,212,30
104.27.11.73,194,243,214,30
104.25.75.31,197,255,215,30
104.26.4.147,198,234,217,30
104.16.89.56,161,289,218,30
104.18.200.25,161,296,219,30
104.19.122.23,166,290,219,30
104.21.93.55,171,251,220,30
104.22.29.51,192,250,220,30
104.22.73.114,195,239,224,30
104.24.85.177,191,243,225,30
104.24.74.102,195,244,226,30
104.17.132.27,163,299,228,30
172.67.71.14,195,239,230,30
104.19.114.105,166,291,235,30
162.159.12.197,167,292,242,30
172.64.229.34,67,91,81,40
162.159.19.147,146,165,153,40
104.16.54.224,140,171,155,40
104.18.51.34,144,197,157,40
104.17.253.199,153,168,158,40
104.17.204.16,146,180,159,40
104.19.160.68,147,173,160,40
104.16.166.216,151,173,162,40
104.18.56.172,154,184,165,40
104.16.189.248,152,191,165,40
66.235.200.73,151,191,167,40
104.16.49.246,142,251,168,40
104.19.30.96,160,178,168,40
104.19.219.206,150,219,169,40
104.16.9.149,161,179,169,40
104.16.213.34,147,185,170,40
104.17.216.170,144,209,171,40
104.16.227.147,149,205,171,40
104.16.99.231,158,183,171,40
104.16.135.200,145,257,171,40
104.18.52.78,149,210,172,40
104.19.47.152,154,212,172,40
173.245.59.224,158,199,173,40
104.19.35.209,161,212,173,40
104.19.58.39,151,195,174,40
104.19.11.234,150,222,174,40
172.64.52.19,156,211,174,40
104.17.174.47,159,190,174,40
141.101.123.126,153,224,175,40
104.18.254.156,158,221,176,40
104.19.52.141,142,296,177,40
104.19.235.120,155,215,178,40
104.16.96.119,163,206,178,40
104.19.95.128,162,198,178,40
104.19.102.82,142,239,178,40
104.19.85.79,144,297,178,40
104.19.89.24,146,245,179,40
104.19.55.163,144,266,180,40
172.64.151.14,144,286,180,40
104.19.83.237,164,203,181,40
104.18.233.101,140,295,181,40
104.19.64.141,155,228,182,40
104.19.26.104,163,209,182,40
104.18.191.166,164,208,183,40
104.17.35.80,168,201,183,40
141.101.122.208,149,225,184,40
104.17.49.190,177,197,184,40
104.16.0.92,154,235,184,40
104.16.53.95,158,211,185,40
104.17.212.204,147,299,186,40
104.19.15.37,152,299,187,40
104.19.34.30,143,278,187,40
104.18.93.133,156,274,188,40
104.18.236.149,172,249,189,40
172.64.145.134,163,286,190,40
104.16.225.165,147,252,190,40
104.16.93.242,159,299,191,40
104.19.106.79,150,296,192,40
104.19.110.180,163,215,192,40
104.19.18.246,157,231,192,40
104.19.93.163,151,296,193,40
104.18.198.105,145,277,193,40
104.18.103.219,156,281,194,40
104.19.50.4,145,254,194,40
104.17.80.30,173,206,194,40
104.18.208.172,151,277,194,40
141.101.120.55,166,242,194,40
104.19.91.111,148,278,195,40
104.18.186.39,154,294,196,40
104.19.22.247,146,284,201,40
104.19.17.60,163,262,201,40
104.18.235.146,168,282,201,40
104.19.9.109,151,289,202,40
104.18.42.46,170,278,204,40
162.159.24.252,154,282,205,40
104.16.235.234,154,295,206,40
104.19.19.153,155,283,206,40
104.16.243.79,152,277,207,40
104.19.63.243,163,285,210,40
1.0.0.160,154,291,210,40
104.19.28.21,165,281,211,40
104.19.105.124,163,296,215,40
104.18.148.254,168,292,217,40
104.17.170.105,152,269,217,40
104.19.12.228,159,293,217,40
104.19.90.172,171,284,219,40
104.19.70.68,196,238,220,40
104.17.152.184,167,289,220,40
104.18.95.181,165,283,222,40
104.19.79.126,181,292,223,40
104.16.102.200,150,292,226,40
104.17.171.51,159,293,248,40
104.19.16.166,166,295,249,40
104.18.252.120,148,169,157,50
104.18.49.134,148,170,158,50
104.17.82.143,151,174,159,50
104.19.60.94,152,169,159,50
104.19.196.241,154,169,160,50
172.66.43.242,155,171,165,50
104.19.123.221,146,225,166,50
104.18.57.37,161,191,168,50
104.17.215.49,162,196,177,50
104.19.92.32,163,188,177,50
104.17.181.177,169,187,177,50
104.19.33.164,149,228,181,50
104.19.86.116,167,207,182,50
104.16.219.251,153,260,183,50
104.16.69.140,155,268,183,50
104.19.119.182,169,203,183,50
104.18.58.208,155,274,184,50
104.19.126.112,149,269,185,50
104.19.125.85,158,273,185,50
104.17.48.175,163,204,186,50
104.18.54.117,149,271,187,50
104.19.233.157,170,216,192,50
104.19.54.234,158,237,194,50
104.19.121.92,164,249,194,50
104.19.67.196,155,231,196,50
104.19.118.89,151,282,200,50
104.19.120.160,169,252,200,50
173.245.49.137,162,237,202,50
104.18.177.214,167,289,206,50
104.19.61.65,166,295,210,50
104.16.188.11,169,271,211,50
104.19.13.83,164,274,215,50
104.16.241.45,163,272,215,50
104.19.73.30,171,289,216,50
104.19.98.108,165,293,220,50
104.19.23.93,178,289,221,50
104.18.157.192,168,292,221,50
104.18.136.74,172,289,223,50
104.19.56.57,166,288,232,50
104.17.71.133,172,298,246,50
104.18.48.213,152,173,159,60
104.18.50.201,149,183,165,60
104.18.61.149,164,183,174,60
104.19.112.79,154,212,175,60
104.17.144.159,162,200,177,60
104.18.59.72,155,189,177,60
104.19.186.165,168,204,183,60
104.17.186.197,151,276,189,60
104.19.25.41,166,234,190,60
104.19.48.31,155,268,191,60
104.16.107.81,156,297,197,60
104.19.3.185,167,273,200,60
104.17.7.73,187,237,204,60
104.19.40.168,181,276,220,60
104.19.29.198,182,285,227,60
104.19.94.234,163,292,228,60
104.18.1.26,174,296,247,60
104.18.53.146,164,173,170,70
104.19.2.253,173,178,174,70
104.19.6.195,178,186,181,70
104.19.104.204,175,291,231,70
104.19.44.100,254,295,280,70
104.18.62.6,153,163,158,80
104.19.75.161,171,187,179,80
104.17.188.236,175,188,181,80
104.19.111.103,175,191,183,80
104.19.88.192,163,204,183,80
104.19.108.163,178,195,186,80
